-- phpMyAdmin SQL Dump
-- version 4.1.12
-- http://www.phpmyadmin.net
--
-- Host: localhost:8889
-- Generation Time: Jun 09, 2015 at 04:44 AM
-- Server version: 5.5.34
-- PHP Version: 5.5.10

SET SQL_MODE = "NO_AUTO_VALUE_ON_ZERO";
SET time_zone = "+00:00";


/*!40101 SET @OLD_CHARACTER_SET_CLIENT=@@CHARACTER_SET_CLIENT */;
/*!40101 SET @OLD_CHARACTER_SET_RESULTS=@@CHARACTER_SET_RESULTS */;
/*!40101 SET @OLD_COLLATION_CONNECTION=@@COLLATION_CONNECTION */;
/*!40101 SET NAMES utf8 */;

--
-- Database: `track_challenge`
--

-- --------------------------------------------------------

--
-- Table structure for table `athletes`
--

CREATE TABLE `athletes` (
  `id` int(11) NOT NULL AUTO_INCREMENT,
  `event_id` int(11) NOT NULL,
  `gender` char(5) NOT NULL DEFAULT 'm',
  `rank` int(11) NOT NULL,
  `name_first` varchar(150) NOT NULL,
  `name_last` varchar(150) NOT NULL,
  `country` char(4) NOT NULL,
  PRIMARY KEY (`id`)
) ENGINE=InnoDB  DEFAULT CHARSET=latin1 AUTO_INCREMENT=863 ;

--
-- Dumping data for table `athletes`
--

INSERT INTO `athletes` (`id`, `event_id`, `gender`, `rank`, `name_first`, `name_last`, `country`) VALUES
(1, 1, 'm', 1, 'Justin', 'Gatlin', 'USA'),
(2, 1, 'm', 2, 'Richard', 'Thompson', 'TTO'),
(3, 1, 'm', 3, 'Asafa', 'Powell', 'JAM'),
(4, 1, 'm', 4, 'Mike', 'Rodgers', 'USA'),
(5, 1, 'm', 5, 'Kemarley', 'Brown', 'JAM'),
(6, 1, 'm', 6, 'Tyson', 'Gay', 'USA'),
(7, 1, 'm', 7, 'Femi', 'Ogunode', 'QAT'),
(8, 1, 'm', 8, 'Jimmy', 'Vicaut', 'FRA'),
(9, 1, 'm', 9, 'Chijindu', 'Ujah', 'GBR'),
(10, 1, 'm', 10, 'Kim', 'Collins', 'SKN'),
(11, 1, 'm', 11, 'Nesta', 'Carter', 'JAM'),
(12, 1, 'm', 12, 'Kemar', 'Bailey-Cole', 'JAM'),
(13, 1, 'm', 13, 'Trayvon', 'Bromell', 'USA'),
(14, 1, 'm', 14, 'Nickel', 'Ashmeade', 'JAM'),
(15, 1, 'm', 15, 'Simon', 'Magakwe', 'RSA'),
(16, 1, 'm', 16, 'Usain', 'Bolt', 'JAM'),
(17, 1, 'm', 17, 'Keston', 'Bledman', 'TTO'),
(18, 1, 'm', 18, 'Trentavis', 'Friday', 'USA'),
(19, 1, 'm', 19, 'James', 'Dasaolu', 'GBR'),
(20, 1, 'm', 20, 'Antoine', 'Adams', 'SKN'),
(21, 2, 'm', 1, 'Justin', 'Gatlin', 'USA'),
(22, 2, 'm', 2, 'Warren', 'Weir', 'JAM'),
(23, 2, 'm', 3, 'Alonso', 'Edward', 'PAN'),
(24, 2, 'm', 4, 'Nickel', 'Ashmeade', 'JAM'),
(25, 2, 'm', 5, 'Isaac', 'Makwala', 'BOT'),
(26, 2, 'm', 6, 'Dedric', 'Dukes', 'USA'),
(27, 2, 'm', 7, 'Adam', 'Gemili', 'GBR'),
(28, 2, 'm', 8, 'Rasheed', 'Dwyer', 'JAM'),
(29, 2, 'm', 9, 'Femi', 'Ogunode', 'QAT'),
(30, 2, 'm', 10, 'Antoine', 'Adams', 'SKN'),
(31, 2, 'm', 11, 'Christophe', 'Lemaitre', 'FRA'),
(32, 2, 'm', 12, 'Curtis', 'Mitchell', 'USA'),
(33, 2, 'm', 13, 'Aaron', 'Ernest', 'USA'),
(34, 2, 'm', 14, 'Sheldon', 'Mitchell', 'JAM'),
(35, 2, 'm', 15, 'Prezel', 'Hardy', 'USA'),
(36, 2, 'm', 16, 'Aaron', 'Brown', 'CAN'),
(37, 2, 'm', 17, 'Carvin', 'Nkanata', 'KEN'),
(38, 2, 'm', 18, 'Wallace', 'Spearmon', 'USA'),
(39, 2, 'm', 19, 'Wayde', 'van Niekerk', 'RSA'),
(40, 2, 'm', 20, 'Rondel', 'Sorrillo', 'TTO'),
(41, 3, 'm', 1, 'Kirani', 'James', 'GRN'),
(42, 3, 'm', 2, 'LaShawn', 'Merritt', 'USA'),
(43, 3, 'm', 3, 'Isaac', 'Makwala', 'BOT'),
(44, 3, 'm', 4, 'Deon', 'Lendore', 'TTO'),
(45, 3, 'm', 5, 'Wayde', 'van Niekerk', 'RSA'),
(46, 3, 'm', 6, 'Yousef', 'Ahmed Masrahi', 'KSA'),
(47, 3, 'm', 7, 'Luguelín', 'Santos', 'DOM'),
(48, 3, 'm', 8, 'Gil', 'Roberts', 'USA'),
(49, 3, 'm', 9, 'Chris', 'Brown', 'BAH'),
(50, 3, 'm', 10, 'Martyn', 'Rooney', 'GBR'),
(51, 3, 'm', 11, 'Matthew', 'Hudson-Smith', 'GBR'),
(52, 3, 'm', 12, 'Lalonde', 'Gordon', 'TTO'),
(53, 3, 'm', 13, 'Pavel', 'Maslák', 'CZE'),
(54, 3, 'm', 14, 'Joshua', 'Mance', 'USA'),
(55, 3, 'm', 15, 'Tony', 'McQuay', 'USA'),
(56, 3, 'm', 16, 'LaToy', 'Williams', 'BAH'),
(57, 3, 'm', 17, 'Jarrin', 'Solomon', 'TTO'),
(58, 3, 'm', 18, 'Javon', 'Francis', 'JAM'),
(59, 3, 'm', 19, 'Kyle', 'Clemons', 'USA'),
(60, 3, 'm', 20, 'Akheem', 'Gauntlett', 'JAM'),
(61, 4, 'm', 1, 'Nijel', 'Amos', 'BOT'),
(62, 4, 'm', 2, 'Pierre-Ambroise', 'Bosse', 'FRA'),
(63, 4, 'm', 3, 'Mohammed', 'Aman', 'ETH'),
(64, 4, 'm', 4, 'Ferguson', 'Cheruiyot Rotich', 'KEN'),
(65, 4, 'm', 5, 'David', 'Lekuta Rudisha', 'KEN'),
(66, 4, 'm', 6, 'Asbel', 'Kiprop', 'KEN'),
(67, 4, 'm', 7, 'Taoufik', 'Makhloufi', 'ALG'),
(68, 4, 'm', 8, 'Timothy', 'Kitum', 'KEN'),
(69, 4, 'm', 9, 'Ayanleh', 'Souleiman', 'DJI'),
(70, 4, 'm', 10, 'Yeimer', 'López', 'CUB'),
(71, 4, 'm', 11, 'Duane', 'Solomon', 'USA'),
(72, 4, 'm', 12, 'Alfred', 'Kipketer', 'KEN'),
(73, 4, 'm', 13, 'Adam', 'Kszczot', 'POL'),
(74, 4, 'm', 14, 'Marcin', 'Lewandowski', 'POL'),
(75, 4, 'm', 15, 'Musaeb', 'Abdulrahman Balla', 'QAT'),
(76, 4, 'm', 16, 'Abubaker', 'Kaki', 'SUD'),
(77, 4, 'm', 17, 'Abdulaziz', 'Ladan Mohammed', 'KSA'),
(78, 4, 'm', 18, 'Alexander', 'Rowe', 'AUS'),
(79, 4, 'm', 19, 'André', 'Olivier', 'RSA'),
(80, 4, 'm', 20, 'Job', 'Koech Kinyor', 'KEN'),
(81, 5, 'm', 1, 'Silas', 'Kiplagat', 'KEN'),
(82, 5, 'm', 2, 'Asbel', 'Kiprop', 'KEN'),
(83, 5, 'm', 3, 'Ronald', 'Kwemoi', 'KEN'),
(84, 5, 'm', 4, 'Ayanleh', 'Souleiman', 'DJI'),
(85, 5, 'm', 5, 'Abdalaati', 'Iguider', 'MAR'),
(86, 5, 'm', 6, 'Aman', 'Wote', 'ETH'),
(87, 5, 'm', 7, 'Nicholas', 'Willis', 'NZL'),
(88, 5, 'm', 8, 'Taoufik', 'Makhloufi', 'ALG'),
(89, 5, 'm', 9, 'James', 'Kiplagat Magut', 'KEN'),
(90, 5, 'm', 10, 'Leonel', 'Manzano', 'USA'),
(91, 5, 'm', 11, 'Matthew', 'Centrowitz', 'USA'),
(92, 5, 'm', 12, 'Bethwell', 'Birgen', 'KEN'),
(93, 5, 'm', 13, 'Henrik', 'Ingebrigtsen', 'NOR'),
(94, 5, 'm', 14, 'Vincent', 'Kibet', 'KEN'),
(95, 5, 'm', 15, 'Homiyu', 'Tesfaye', 'GER'),
(96, 5, 'm', 16, 'Collins', 'Cheboi', 'KEN'),
(97, 5, 'm', 17, 'Ilham', 'Tanui Özbilen', 'TUR'),
(98, 5, 'm', 18, 'Mekonnen', 'Gebremedhin', 'ETH'),
(99, 5, 'm', 19, 'Johan', 'Cronje', 'RSA'),
(100, 5, 'm', 20, 'Sadik', 'Mikhou', 'MAR'),
(101, 6, 'm', 1, 'Muktar', 'Edris', 'ETH'),
(102, 6, 'm', 2, 'Thomas', 'Pkemei Longosiwa', 'KEN'),
(103, 6, 'm', 3, 'Caleb', 'Mwangangi Ndiku', 'KEN'),
(104, 6, 'm', 4, 'Edwin', 'Cheruiyot Soi', 'KEN'),
(105, 6, 'm', 5, 'Yenew', 'Alamirew', 'ETH'),
(106, 6, 'm', 6, 'Paul', 'Kipngetich Tanui', 'KEN'),
(107, 6, 'm', 7, 'Galen', 'Rupp', 'USA'),
(108, 6, 'm', 8, 'Ben', 'True', 'USA'),
(109, 6, 'm', 9, 'Hassan', 'Mead', 'USA'),
(110, 6, 'm', 10, 'Lawi', 'Lalang', 'KEN'),
(111, 6, 'm', 11, 'Albert', 'Kibichii Rop', 'BRN'),
(112, 6, 'm', 12, 'Augustine', 'Kiprono Choge', 'KEN'),
(113, 6, 'm', 13, 'Bernard', 'Lagat', 'USA'),
(114, 6, 'm', 14, 'Hagos', 'Gebrhiwet', 'ETH'),
(115, 6, 'm', 15, 'Isiah', 'Kiplangat Koech', 'KEN'),
(116, 6, 'm', 16, 'John', 'Kipkoech', 'KEN'),
(117, 6, 'm', 17, 'Lopez', 'Lomong', 'USA'),
(118, 6, 'm', 18, 'Chris', 'Derrick', 'USA'),
(119, 6, 'm', 19, 'Evan', 'Jager', 'USA'),
(120, 6, 'm', 20, 'Berhanu', 'Legese', 'ETH'),
(121, 7, 'm', 1, 'Galen', 'Rupp', 'USA'),
(122, 7, 'm', 2, 'Paul', 'Kipngetich Tanui', 'KEN'),
(123, 7, 'm', 3, 'Bedan', 'Karoki Muchiri', 'KEN'),
(124, 7, 'm', 4, 'Stephen', 'Sambu', 'KEN'),
(125, 7, 'm', 5, 'Leonard', 'Barsoton', 'KEN'),
(126, 7, 'm', 6, 'Emmanuel', 'Kipkemei Bett', 'KEN'),
(127, 7, 'm', 7, 'James', 'Mwangi', 'KEN'),
(128, 7, 'm', 8, 'William', 'Malel Sitonik', 'KEN'),
(129, 7, 'm', 9, 'Edward', 'Waweru', 'KEN'),
(130, 7, 'm', 10, 'Karemi', 'Jeremiah Thuku', 'KEN'),
(131, 7, 'm', 11, 'Kenneth', 'Kiprop Kipkemoi', 'KEN'),
(132, 7, 'm', 12, 'El', 'Hassan Elabbassi', 'BRN'),
(133, 7, 'm', 13, 'Juan', 'Luis Barrios', 'MEX'),
(134, 7, 'm', 14, 'Cameron', 'Levins', 'CAN'),
(135, 7, 'm', 15, 'Million', 'Zewdie', 'ETH'),
(136, 7, 'm', 16, 'Bashir', 'Abdi', 'BEL'),
(137, 7, 'm', 17, 'Daniele', 'Meucci', 'ITA'),
(138, 7, 'm', 18, 'Bernard', 'Kimani', 'KEN'),
(139, 7, 'm', 19, 'Shadrack', 'Kipchirchir', 'KEN'),
(140, 7, 'm', 20, 'Patrick', 'Muendo Mwaka', 'KEN'),
(141, 8, 'm', 1, 'Dennis', 'Kipruto Kimetto', 'KEN'),
(142, 8, 'm', 2, 'Emmanuel', 'Kipchirchir Mutai', 'KEN'),
(143, 8, 'm', 3, 'Eliud', 'Kipchoge', 'KEN'),
(144, 8, 'm', 4, 'Sammy', 'Kirop Kitwara', 'KEN'),
(145, 8, 'm', 5, 'Wilson', 'Kipsang Kiprotich', 'KEN'),
(146, 8, 'm', 6, 'Tsegaye', 'Mekonnen', 'ETH'),
(147, 8, 'm', 7, 'Dickson', 'Kiptolo Chumba', 'KEN'),
(148, 8, 'm', 8, 'Stanley', 'Kipleting Biwott', 'KEN'),
(149, 8, 'm', 9, 'Kenenisa', 'Bekele', 'ETH'),
(150, 8, 'm', 10, 'Markos', 'Geneti', 'ETH'),
(151, 8, 'm', 11, 'Getu', 'Feleke', 'ETH'),
(152, 8, 'm', 12, 'Girmay', 'Birhanu', 'ETH'),
(153, 8, 'm', 13, 'Abera', 'Kuma', 'ETH'),
(154, 8, 'm', 14, 'Tadese', 'Tola', 'ETH'),
(155, 8, 'm', 15, 'Bernard', 'Kiprop Koech', 'KEN'),
(156, 8, 'm', 16, 'Tamirat', 'Tola', 'ETH'),
(157, 8, 'm', 17, 'Yacob', 'Jarso', 'ETH'),
(158, 8, 'm', 18, 'Tilahun', 'Regassa', 'ETH'),
(159, 8, 'm', 19, 'Bernard', 'Kiprop Kipyego', 'KEN'),
(160, 8, 'm', 20, 'Stephen', 'Kwelio Chemlany', 'KEN'),
(161, 9, 'm', 1, 'Jairus', 'Kipchoge Birech', 'KEN'),
(162, 9, 'm', 2, 'Mahiedine', 'Mekhissi', 'FRA'),
(163, 9, 'm', 3, 'Ezekiel', 'Kemboi', 'KEN'),
(164, 9, 'm', 4, 'Brimin', 'Kiprop Kipruto', 'KEN'),
(165, 9, 'm', 5, 'Evan', 'Jager', 'USA'),
(166, 9, 'm', 6, 'Paul', 'Kipsiele Koech', 'KEN'),
(167, 9, 'm', 7, 'Hillary', 'Kipsang Yego', 'KEN'),
(168, 9, 'm', 8, 'Conseslus', 'Kipruto', 'KEN'),
(169, 9, 'm', 9, 'Jonathan', 'Muia Ndiku', 'KEN'),
(170, 9, 'm', 10, 'Gilbert', 'Kiplangat Kirui', 'KEN'),
(171, 9, 'm', 11, 'Matthew', 'Hughes', 'CAN'),
(172, 9, 'm', 12, 'Hamid', 'Ezzine', 'MAR'),
(173, 9, 'm', 13, 'Bernard', 'Mbugua Nganga', 'KEN'),
(174, 9, 'm', 14, 'Brahim', 'Taleb', 'MAR'),
(175, 9, 'm', 15, 'Daniel', 'Huling', 'USA'),
(176, 9, 'm', 16, 'Abel', 'Kiprop Mutai', 'KEN'),
(177, 9, 'm', 17, 'Krystian', 'Zalewski', 'POL'),
(178, 9, 'm', 18, 'Clement', 'Kemboi Kimutai', 'KEN'),
(179, 9, 'm', 19, 'Barnabas', 'Kipyego', 'KEN'),
(180, 9, 'm', 20, 'Abubaker', 'Ali Kamal', 'KEN'),
(181, 11, 'm', 1, 'Hansle', 'Parchment', 'JAM'),
(182, 11, 'm', 2, 'Pascal', 'Martinot-Lagarde', 'FRA'),
(183, 11, 'm', 3, 'Ronnie', 'Ash', 'USA'),
(184, 11, 'm', 4, 'Orlando', 'Ortega', 'CUB'),
(185, 11, 'm', 5, 'Sergey', 'Shubenkov', 'RUS'),
(186, 11, 'm', 6, 'Aleec', 'Harris', 'USA'),
(187, 11, 'm', 7, 'Devon', 'Allen', 'USA'),
(188, 11, 'm', 8, 'William', 'Sharman', 'GBR'),
(189, 11, 'm', 9, 'Ryan', 'Wilson', 'USA'),
(190, 11, 'm', 10, 'Yordan', 'O''Farrill', 'CUB'),
(191, 11, 'm', 11, 'Andrew', 'Riley', 'JAM'),
(192, 11, 'm', 12, 'Wayne', 'Davis II', 'TTO'),
(193, 11, 'm', 13, 'David', 'Oliver', 'USA'),
(194, 11, 'm', 14, 'Wenjun', 'Xie', 'CHN'),
(195, 11, 'm', 15, 'Shane', 'Brathwaite', 'BAR'),
(196, 11, 'm', 16, 'Dimitri', 'Bascou', 'FRA'),
(197, 11, 'm', 17, 'Jeff', 'Porter', 'USA'),
(198, 11, 'm', 18, 'Aries', 'Merritt', 'USA'),
(199, 11, 'm', 19, 'Jason', 'Richardson', 'USA'),
(200, 11, 'm', 20, 'Balázs', 'Baji', 'HUN'),
(201, 12, 'm', 1, 'Javier', 'Culson', 'PUR'),
(202, 12, 'm', 2, 'Michael', 'Tinsley', 'USA'),
(203, 12, 'm', 3, 'Cornel', 'Fredericks', 'RSA'),
(204, 12, 'm', 4, 'Kariem', 'Hussein', 'SUI'),
(205, 12, 'm', 5, 'Roxroy', 'Cato', 'JAM'),
(206, 12, 'm', 6, 'Rasmus', 'Mägi', 'EST'),
(207, 12, 'm', 7, 'Annsert', 'Whyte', 'JAM'),
(208, 12, 'm', 8, 'Andrés', 'Silva', 'URU'),
(209, 12, 'm', 9, 'Ashton', 'Eaton', 'USA'),
(210, 12, 'm', 10, 'Timofey', 'Chalyy', 'RUS'),
(211, 12, 'm', 11, 'Jehue', 'Gordon', 'TTO'),
(212, 12, 'm', 12, 'Bershawn', 'Jackson', 'USA'),
(213, 12, 'm', 13, 'Jeffery', 'Gibson', 'BAH'),
(214, 12, 'm', 14, 'Niall', 'Flannery', 'GBR'),
(215, 12, 'm', 15, 'Mamadou', 'Kasse Hanne', 'SEN'),
(216, 12, 'm', 16, 'Thomas', 'Barr', 'IRL'),
(217, 12, 'm', 17, 'Felix', 'Sánchez', 'DOM'),
(218, 12, 'm', 18, 'Cristian', 'Morton', 'NGR'),
(219, 12, 'm', 19, 'Johnny', 'Dutch', 'USA'),
(220, 12, 'm', 20, 'Denis', 'Kudryavtsev', 'RUS'),
(221, 13, 'm', 1, 'Mutaz', 'Essa Barshim', 'QAT'),
(222, 13, 'm', 2, 'Bohdan', 'Bondarenko', 'UKR'),
(223, 13, 'm', 3, 'Ivan', 'Ukhov', 'RUS'),
(224, 13, 'm', 4, 'Derek', 'Drouin', 'CAN'),
(225, 13, 'm', 5, 'Andriy', 'Protsenko', 'UKR'),
(226, 13, 'm', 6, 'Erik', 'Kynard', 'USA'),
(227, 13, 'm', 7, 'Dusty', 'Jonas', 'USA'),
(228, 13, 'm', 8, 'Mickael', 'Hanany', 'FRA'),
(229, 13, 'm', 9, 'Guowei', 'Zhang', 'CHN'),
(230, 13, 'm', 10, 'Daniil', 'Tsyplakov', 'RUS'),
(231, 13, 'm', 11, 'Wojciech', 'Theiner', 'POL'),
(232, 13, 'm', 12, 'Naoto', 'Tobe', 'JPN'),
(233, 13, 'm', 13, 'Yu', 'Wang', 'CHN'),
(234, 13, 'm', 14, 'Jaroslav', 'Bába', 'CZE'),
(235, 13, 'm', 15, 'Nick', 'Ross', 'USA'),
(236, 13, 'm', 16, 'Jerron', 'Robinson', 'USA'),
(237, 13, 'm', 17, 'Adónios', 'Mástoras', 'GRE'),
(238, 13, 'm', 18, 'Andrei', 'Churyla', 'BLR'),
(239, 13, 'm', 19, 'Marco', 'Fassinotti', 'ITA'),
(240, 13, 'm', 20, 'Aleksey', 'Dmitrik', 'RUS'),
(241, 14, 'm', 1, 'Renaud', 'Lavillenie', 'FRA'),
(242, 14, 'm', 2, 'Mark', 'Hollis', 'USA'),
(243, 14, 'm', 3, 'Piotr', 'Lisek', 'POL'),
(244, 14, 'm', 4, 'Changrui', 'Xue', 'CHN'),
(245, 14, 'm', 5, 'Pawel', 'Wojciechowski', 'POL'),
(246, 14, 'm', 6, 'Robert', 'Sobera', 'POL'),
(247, 14, 'm', 7, 'Sam', 'Kendricks', 'USA'),
(248, 14, 'm', 8, 'Michal', 'Balner', 'CZE'),
(249, 14, 'm', 9, 'Tobias', 'Scherbarth', 'GER'),
(250, 14, 'm', 10, 'Thiago', 'Braz da Silva', 'BRA'),
(251, 14, 'm', 11, 'Kévin', 'Ménaldo', 'FRA'),
(252, 14, 'm', 12, 'Jan', 'Kudlicka', 'CZE'),
(253, 14, 'm', 13, 'Karsten', 'Dilla', 'GER'),
(254, 14, 'm', 14, 'Fábio', 'da Silva', 'BRA'),
(255, 14, 'm', 15, 'Logan', 'Cunningham', 'USA'),
(256, 14, 'm', 16, 'Daichi', 'Sawano', 'JPN'),
(257, 14, 'm', 17, 'Steven', 'Lewis', 'GBR'),
(258, 14, 'm', 18, 'Colton', 'Ross', 'USA'),
(259, 14, 'm', 19, 'Aleksandr', 'Gripich', 'RUS'),
(260, 14, 'm', 20, 'Malte', 'Mohr', 'GER'),
(261, 15, 'm', 1, 'Greg', 'Rutherford', 'GBR'),
(262, 15, 'm', 2, 'Christian', 'Reif', 'GER'),
(263, 15, 'm', 3, 'Jinzhe', 'Li', 'CHN'),
(264, 15, 'm', 4, 'Jeff', 'Henderson', 'USA'),
(265, 15, 'm', 5, 'Tyron', 'Stewart', 'USA'),
(266, 15, 'm', 6, 'Salim', 'Sdiri', 'FRA'),
(267, 15, 'm', 7, 'Zarck', 'Visser', 'RSA'),
(268, 15, 'm', 8, 'Loúis', 'Tsátoumas', 'GRE'),
(269, 15, 'm', 9, 'Markus', 'Rehm', 'GER'),
(270, 15, 'm', 10, 'Luis', 'Rivera', 'MEX'),
(271, 15, 'm', 11, 'Christopher', 'Tomlinson', 'GBR'),
(272, 15, 'm', 12, 'Kafétien', 'Gomis', 'FRA'),
(273, 15, 'm', 13, 'Will', 'Claye', 'USA'),
(274, 15, 'm', 14, 'Godfrey', 'Khotso Mokoena', 'RSA'),
(275, 15, 'm', 15, 'Xinglong', 'Gao', 'CHN'),
(276, 15, 'm', 16, 'Higor', 'Alves', 'BRA'),
(277, 15, 'm', 17, 'Irving', 'Saladino', 'PAN'),
(278, 15, 'm', 18, 'Bradley', 'Pickup', 'GBR'),
(279, 15, 'm', 19, 'Mike', 'Hartfield', 'USA'),
(280, 15, 'm', 20, 'Tomasz', 'Jaszczuk', 'POL'),
(281, 16, 'm', 1, 'Pedro', 'Pablo Pichardo', 'CUB'),
(282, 16, 'm', 2, 'Will', 'Claye', 'USA'),
(283, 16, 'm', 3, 'Ernesto', 'Revé', 'CUB'),
(284, 16, 'm', 4, 'Christian', 'Taylor', 'USA'),
(285, 16, 'm', 5, 'Benjamin', 'Compaoré', 'FRA'),
(286, 16, 'm', 6, 'Godfrey', 'Khotso Mokoena', 'RSA'),
(287, 16, 'm', 7, 'Shuo', 'Cao', 'CHN'),
(288, 16, 'm', 8, 'Lyukman', 'Adams', 'RUS'),
(289, 16, 'm', 9, 'Samyr', 'Laine', 'HAI'),
(290, 16, 'm', 10, 'Lázaro', 'Martínez', 'CUB'),
(291, 16, 'm', 11, 'Yordanis', 'Durañona', 'DMA'),
(292, 16, 'm', 12, 'Arpinder', 'Singh', 'IND'),
(293, 16, 'm', 13, 'Yoann', 'Rapinier', 'FRA'),
(294, 16, 'm', 14, 'Chris', 'Benard', 'USA'),
(295, 16, 'm', 15, 'Chris', 'Carter', 'USA'),
(296, 16, 'm', 16, 'Aleksey', 'Fedorov', 'RUS'),
(297, 16, 'm', 17, 'Alexis', 'Copello', 'CUB'),
(298, 16, 'm', 18, 'Phillips', 'Idowu', 'GBR'),
(299, 16, 'm', 19, 'Omar', 'Craddock', 'USA'),
(300, 16, 'm', 20, 'Nelson', 'Évora', 'POR'),
(301, 17, 'm', 1, 'David', 'Storl', 'GER'),
(302, 17, 'm', 2, 'Reese', 'Hoffa', 'USA'),
(303, 17, 'm', 3, 'Alexandr', 'Lesnoi', 'RUS'),
(304, 17, 'm', 4, 'Ryan', 'Crouser', 'USA'),
(305, 17, 'm', 5, 'Ryan', 'Whiting', 'USA'),
(306, 17, 'm', 6, 'Tomas', 'Walsh', 'NZL'),
(307, 17, 'm', 7, 'Borja', 'Vivas', 'ESP'),
(308, 17, 'm', 8, 'Marco', 'Fortes', 'POR'),
(309, 17, 'm', 9, 'Tomáš', 'Stanek', 'CZE'),
(310, 17, 'm', 10, 'Jan', 'Marcell', 'CZE'),
(311, 17, 'm', 11, 'Georgi', 'Ivanov', 'BUL'),
(312, 17, 'm', 12, 'Darlan', 'Romani', 'BRA'),
(313, 17, 'm', 13, 'Asmir', 'Kolašinac', 'SRB'),
(314, 17, 'm', 14, 'Jonathan', 'Jones', 'USA'),
(315, 17, 'm', 15, 'Pavel', 'Lyzhyn', 'BLR'),
(316, 17, 'm', 16, 'Jacko', 'Gill', 'NZL'),
(317, 17, 'm', 17, 'Stipe', 'Žunic', 'CRO'),
(318, 17, 'm', 18, 'Orazio', 'Cremona', 'RSA'),
(319, 17, 'm', 19, 'Soslan', 'Tsirikhov', 'RUS'),
(320, 17, 'm', 20, 'Ladislav', 'Prášil', 'CZE'),
(321, 18, 'm', 1, 'Piotr', 'Malachowski', 'POL'),
(322, 18, 'm', 2, 'Robert', 'Harting', 'GER'),
(323, 18, 'm', 3, 'Martin', 'Maric', 'CRO'),
(324, 18, 'm', 4, 'Daniel', 'Ståhl', 'SWE'),
(325, 18, 'm', 5, 'Fedrick', 'Dacres', 'JAM'),
(326, 18, 'm', 6, 'Martin', 'Wierig', 'GER'),
(327, 18, 'm', 7, 'Jorge', 'Y. Fernández', 'CUB'),
(328, 18, 'm', 8, 'Andrew', 'Evans', 'USA'),
(329, 18, 'm', 9, 'Gerd', 'Kanter', 'EST'),
(330, 18, 'm', 10, 'Andrius', 'Gudžius', 'LTU'),
(331, 18, 'm', 11, 'Philip', 'Milanov', 'BEL'),
(332, 18, 'm', 12, 'Daniel', 'Jasinski', 'GER'),
(333, 18, 'm', 13, 'Benn', 'Harradine', 'AUS'),
(334, 18, 'm', 14, 'Victor', 'Butenko', 'RUS'),
(335, 18, 'm', 15, 'Zoltán', 'Kövágó', 'HUN'),
(336, 18, 'm', 16, 'Virgilijus', 'Alekna', 'LTU'),
(337, 18, 'm', 17, 'Robert', 'Urbanek', 'POL'),
(338, 18, 'm', 18, 'Mario', 'Pestano', 'ESP'),
(339, 18, 'm', 19, 'Vikas', 'Gowda', 'IND'),
(340, 18, 'm', 20, 'Julian', 'Wruck', 'AUS'),
(341, 19, 'm', 1, 'Pawel', 'Fajdek', 'POL'),
(342, 19, 'm', 2, 'Krisztián', 'Pars', 'HUN'),
(343, 19, 'm', 3, 'Mostafa', 'Elgamel', 'EGY'),
(344, 19, 'm', 4, 'Dilshod', 'Nazarov', 'TJK'),
(345, 19, 'm', 5, 'Pavel', 'Kryvitski', 'BLR'),
(346, 19, 'm', 6, 'Sergej', 'Litvinov', 'RUS'),
(347, 19, 'm', 7, 'Marcel', 'Lomnický', 'SVK'),
(348, 19, 'm', 8, 'Quentin', 'Bigot', 'FRA'),
(349, 19, 'm', 9, 'Szymon', 'Ziólkowski', 'POL'),
(350, 19, 'm', 10, 'Serghei', 'Marghiev', 'MDA'),
(351, 19, 'm', 11, 'Olexiy', 'Sokyrskiyy', 'UKR'),
(352, 19, 'm', 12, 'David', 'Söderberg', 'FIN'),
(353, 19, 'm', 13, 'Primož', 'Kozmus', 'SLO'),
(354, 19, 'm', 14, 'Yury', 'Shayunou', 'BLR'),
(355, 19, 'm', 15, 'Conor', 'McCullough', 'USA'),
(356, 19, 'm', 16, 'Denis', 'Lukyanov', 'RUS'),
(357, 19, 'm', 17, 'Yevhen', 'Vynohradov', 'UKR'),
(358, 19, 'm', 18, 'Pavel', 'Bareisha', 'BLR'),
(359, 19, 'm', 19, 'Markus', 'Esser', 'GER'),
(360, 19, 'm', 20, 'Siarhei', 'Kalamoyets', 'BLR'),
(361, 20, 'm', 1, 'Ihab', 'Abdelrahman El Sayed', 'EGY'),
(362, 20, 'm', 2, 'Qinggang', 'Zhao', 'CHN'),
(363, 20, 'm', 3, 'Antti', 'Ruuskanen', 'FIN'),
(364, 20, 'm', 4, 'Thomas', 'Röhler', 'GER'),
(365, 20, 'm', 5, 'Vítezslav', 'Veselý', 'CZE'),
(366, 20, 'm', 6, 'Ryohei', 'Arai', 'JPN'),
(367, 20, 'm', 7, 'Tero', 'Pitkämäki', 'FIN'),
(368, 20, 'm', 8, 'Zigismunds', 'Sirmais', 'LAT'),
(369, 20, 'm', 9, 'Andreas', 'Hofmann', 'GER'),
(370, 20, 'm', 10, 'Dmitri', 'Tarabin', 'RUS'),
(371, 20, 'm', 11, 'Keshorn', 'Walcott', 'TTO'),
(372, 20, 'm', 12, 'Petr', 'Frydrych', 'CZE'),
(373, 20, 'm', 13, 'Lassi', 'Etelätalo', 'FIN'),
(374, 20, 'm', 14, 'Patrik', 'Zenúch', 'SVK'),
(375, 20, 'm', 15, 'Lukasz', 'Grzeszczuk', 'POL'),
(376, 20, 'm', 16, 'Julius', 'Yego', 'KEN'),
(377, 20, 'm', 17, 'Kim', 'Amb', 'SWE'),
(378, 20, 'm', 18, 'Tim', 'Glover', 'USA'),
(379, 20, 'm', 19, 'Ari', 'Mannio', 'FIN'),
(380, 20, 'm', 20, 'Ivan', 'Zaytsev', 'UZB'),
(381, 22, 'm', 1, 'Andrei', 'Krauchanka', 'BLR'),
(382, 22, 'm', 2, 'Kevin', 'Mayer', 'FRA'),
(383, 22, 'm', 3, 'Trey', 'Hardee', 'USA'),
(384, 22, 'm', 4, 'Ilya', 'Shkurenev', 'RUS'),
(385, 22, 'm', 5, 'Eelco', 'Sintnicolaas', 'NED'),
(386, 22, 'm', 6, 'Arthur', 'Abele', 'GER'),
(387, 22, 'm', 7, 'Kai', 'Kazmirek', 'GER'),
(388, 22, 'm', 8, 'Rico', 'Freimuth', 'GER'),
(389, 22, 'm', 9, 'Yordani', 'García', 'CUB'),
(390, 22, 'm', 10, 'Larbi', 'Bourrada', 'ALG'),
(391, 22, 'm', 11, 'Keisuke', 'Ushiro', 'JPN'),
(392, 22, 'm', 12, 'Damian', 'Warner', 'CAN'),
(393, 22, 'm', 13, 'Oleksiy', 'Kasyanov', 'UKR'),
(394, 22, 'm', 14, 'Pelle', 'Rietveld', 'NED'),
(395, 22, 'm', 15, 'Willem', 'Coertzen', 'RSA'),
(396, 22, 'm', 16, 'Gaël', 'Quérin', 'FRA'),
(397, 22, 'm', 17, 'Sergey', 'Sviridov', 'RUS'),
(398, 22, 'm', 18, 'Thomas', 'van der Plaetsen', 'BEL'),
(399, 22, 'm', 19, 'Maicel', 'Uibo', 'EST'),
(400, 22, 'm', 20, 'Garrett', 'Scantling', 'USA'),
(401, 23, 'm', 1, 'Yusuke', 'Suzuki', 'JPN'),
(402, 23, 'm', 3, 'Eiki', 'Takahashi', 'JPN'),
(403, 23, 'm', 5, 'Zelin', 'Cai', 'CHN'),
(404, 23, 'm', 7, 'Hyunsub', 'Kim', 'KOR'),
(405, 23, 'm', 9, 'Zhen', 'Wang', 'CHN'),
(406, 23, 'm', 11, 'Aleksandr', 'Ivanov', 'RUS'),
(407, 23, 'm', 13, 'Nazar', 'Kovalenko', 'UKR'),
(408, 23, 'm', 15, 'Denis', 'Strelkov', 'RUS'),
(409, 23, 'm', 17, 'Matej', 'Tóth', 'SVK'),
(410, 23, 'm', 19, 'Isamu', 'Fujisawa', 'JPN'),
(411, 23, 'm', 21, 'Omar', 'Segura', 'MEX'),
(412, 23, 'm', 23, 'Evan', 'Dunfee', 'CAN'),
(413, 23, 'm', 25, 'Iñaki', 'Gómez', 'CAN'),
(414, 23, 'm', 27, 'Benjamin', 'Thorne', 'CAN'),
(415, 23, 'm', 29, 'Andrii', 'Kovenko', 'UKR'),
(416, 23, 'm', 31, 'Takumi', 'Saito', 'JPN'),
(417, 23, 'm', 33, 'Ding', 'Chen', 'CHN'),
(418, 23, 'm', 35, 'Caio', 'Bonfim', 'BRA'),
(419, 23, 'm', 37, 'Koichiro', 'Morioka', 'JPN'),
(420, 23, 'm', 39, 'Petr', 'Trofimov', 'RUS'),
(421, 23, 'm', 41, 'Hirooki', 'Arai', 'JPN'),
(422, 23, 'm', 43, 'Kevin', 'Campion', 'FRA'),
(423, 24, 'm', 1, 'Yohann', 'Diniz', 'FRA'),
(424, 24, 'm', 2, 'Matej', 'Tóth', 'SVK'),
(425, 24, 'm', 3, 'Ivan', 'Noskov', 'RUS'),
(426, 24, 'm', 4, 'Mikhail', 'Ryzhov', 'RUS'),
(427, 24, 'm', 5, 'Takayuki', 'Tanii', 'JPN'),
(428, 24, 'm', 6, 'Hirooki', 'Arai', 'JPN'),
(429, 24, 'm', 7, 'Aleksandr', 'Yargunkin', 'RUS'),
(430, 24, 'm', 8, 'Jared', 'Tallent', 'AUS'),
(431, 24, 'm', 9, 'Horacio', 'Nava', 'MEX'),
(432, 24, 'm', 10, 'Takuya', 'Yoshida', 'JPN'),
(433, 24, 'm', 11, 'Yuki', 'Yamazaki', 'JPN'),
(434, 24, 'm', 12, 'Ivan', 'Banzeruk', 'UKR'),
(435, 24, 'm', 13, 'Igor', 'Glavan', 'UKR'),
(436, 24, 'm', 14, 'Marco', 'De Luca', 'ITA'),
(437, 24, 'm', 15, 'Rafal', 'Augustyn', 'POL'),
(438, 24, 'm', 16, 'Roman', 'Yevstifeyev', 'RUS'),
(439, 24, 'm', 17, 'Jesús', 'Ángel García', 'ESP'),
(440, 24, 'm', 18, 'Alexey', 'Bartsaykin', 'RUS'),
(441, 24, 'm', 19, 'Oleksiy', 'Kazanin', 'UKR'),
(442, 24, 'm', 20, 'Zhendong', 'Wang', 'CHN'),
(443, 1, 'w', 1, 'Tori', 'Bowie', 'USA'),
(444, 1, 'w', 2, 'Michelle-Lee', 'Ahye', 'TTO'),
(445, 1, 'w', 3, 'Blessing', 'Okagbare', 'NGR'),
(446, 1, 'w', 4, 'Veronica', 'Campbell-Brown', 'JAM'),
(447, 1, 'w', 5, 'Tianna', 'Bartoletta', 'USA'),
(448, 1, 'w', 6, 'Murielle', 'Ahouré', 'CIV'),
(449, 1, 'w', 7, 'Samantha', 'Henry-Robinson', 'JAM'),
(450, 1, 'w', 8, 'English', 'Gardner', 'USA'),
(451, 1, 'w', 9, 'Allyson', 'Felix', 'USA'),
(452, 1, 'w', 10, 'Shelly-Ann', 'Fraser-Pryce', 'JAM'),
(453, 1, 'w', 11, 'Kerron', 'Stewart', 'JAM'),
(454, 1, 'w', 12, 'Joanna', 'Atkins', 'USA'),
(455, 1, 'w', 13, 'Remona', 'Burchell', 'JAM'),
(456, 1, 'w', 14, 'Dafne', 'Schippers', 'NED'),
(457, 1, 'w', 15, 'Myriam', 'Soumaré', 'FRA'),
(458, 1, 'w', 16, 'Morolake', 'Akinosun', 'USA'),
(459, 1, 'w', 17, 'Barbara', 'Pierre', 'USA'),
(460, 1, 'w', 18, 'Natasha', 'Morrison', 'JAM'),
(461, 1, 'w', 19, 'LaKeisha', 'Lawson', 'USA'),
(462, 1, 'w', 20, 'Schillonie', 'Calvert', 'JAM'),
(463, 2, 'w', 1, 'Allyson', 'Felix', 'USA'),
(464, 2, 'w', 2, 'Dafne', 'Schippers', 'NED'),
(465, 2, 'w', 3, 'Myriam', 'Soumaré', 'FRA'),
(466, 2, 'w', 4, 'Tori', 'Bowie', 'USA'),
(467, 2, 'w', 5, 'Olivia', 'Ekpone', 'USA'),
(468, 2, 'w', 6, 'Blessing', 'Okagbare', 'NGR'),
(469, 2, 'w', 7, 'Joanna', 'Atkins', 'USA'),
(470, 2, 'w', 8, 'Murielle', 'Ahouré', 'CIV'),
(471, 2, 'w', 9, 'Jeneba', 'Tarmoh', 'USA'),
(472, 2, 'w', 10, 'Jodie', 'Williams', 'GBR'),
(473, 2, 'w', 11, 'Kaylin', 'Whitney', 'USA'),
(474, 2, 'w', 12, 'Anthonique', 'Strachan', 'BAH'),
(475, 2, 'w', 13, 'Kimberlyn', 'Duncan', 'USA'),
(476, 2, 'w', 14, 'Shelly-Ann', 'Fraser-Pryce', 'JAM'),
(477, 2, 'w', 15, 'Bianca', 'Williams', 'GBR'),
(478, 2, 'w', 16, 'Jenna', 'Prandini', 'USA'),
(479, 2, 'w', 17, 'Ekaterina', 'Renzhina', 'RUS'),
(480, 2, 'w', 18, 'Dina', 'Asher-Smith', 'GBR'),
(481, 2, 'w', 19, 'Shalonda', 'Solomon', 'USA'),
(482, 2, 'w', 20, 'Anyika', 'Onuora', 'GBR'),
(483, 3, 'w', 1, 'Francena', 'McCorory', 'USA'),
(484, 3, 'w', 2, 'Sanya', 'Richards-Ross', 'USA'),
(485, 3, 'w', 3, 'Courtney', 'Okolo', 'USA'),
(486, 3, 'w', 4, 'Novlene', 'Williams-Mills', 'JAM'),
(487, 3, 'w', 5, 'Stephenie Ann', 'McPherson', 'JAM'),
(488, 3, 'w', 6, 'Christine', 'Day', 'JAM'),
(489, 3, 'w', 7, 'Amantle', 'Montsho', 'BOT'),
(490, 3, 'w', 8, 'Kendall', 'Baisden', 'USA'),
(491, 3, 'w', 9, 'Natasha', 'Hastings', 'USA'),
(492, 3, 'w', 10, 'Libania', 'Grenot', 'ITA'),
(493, 3, 'w', 11, 'Phyllis', 'Francis', 'USA'),
(494, 3, 'w', 12, 'Joanna', 'Atkins', 'USA'),
(495, 3, 'w', 13, 'Allyson', 'Felix', 'USA'),
(496, 3, 'w', 14, 'Jessica', 'Beard', 'USA'),
(497, 3, 'w', 15, 'Anastasia', 'Le-Roy', 'JAM'),
(498, 3, 'w', 16, 'Kabange', 'Mupopo', 'ZAM'),
(499, 3, 'w', 17, 'Deedee', 'Trotter', 'USA'),
(500, 3, 'w', 18, 'Kaliese', 'Spencer', 'JAM'),
(501, 3, 'w', 19, 'Olha', 'Zemlyak', 'UKR'),
(502, 3, 'w', 20, 'Briana', 'Nelson', 'USA'),
(503, 4, 'w', 1, 'Ajee', 'Wilson', 'USA'),
(504, 4, 'w', 2, 'Sahily', 'Diago', 'CUB'),
(505, 4, 'w', 3, 'Eunice', 'Jepkoech Sum', 'KEN'),
(506, 4, 'w', 4, 'Marina', 'Arzamasova', 'BLR'),
(507, 4, 'w', 5, 'Ekaterina', 'Poistogova', 'RUS'),
(508, 4, 'w', 6, 'Winnie', 'Nanyondo', 'UGA'),
(509, 4, 'w', 7, 'Svetlana', 'Karamasheva', 'RUS'),
(510, 4, 'w', 8, 'Janeth', 'Jepkosgei Busienei', 'KEN'),
(511, 4, 'w', 9, 'Lynsey', 'Sharp', 'GBR'),
(512, 4, 'w', 10, 'Brenda', 'Martinez', 'USA'),
(513, 4, 'w', 11, 'Margarita', 'Mukasheva', 'KAZ'),
(514, 4, 'w', 12, 'Laura', 'Roesler', 'USA'),
(515, 4, 'w', 13, 'Tintu', 'Lukka', 'IND'),
(516, 4, 'w', 14, 'Tigist', 'Assefa', 'ETH'),
(517, 4, 'w', 15, 'Molly', 'Beckwith-Ludlow', 'USA'),
(518, 4, 'w', 16, 'Rosemary', 'Almanza', 'CUB'),
(519, 4, 'w', 17, 'Jing', 'Zhao', 'CHN'),
(520, 4, 'w', 18, 'Agatha', 'Jeruto Kimaswai', 'KEN'),
(521, 4, 'w', 19, 'Svetlana', 'Rogozina', 'RUS'),
(522, 4, 'w', 20, 'Joanna', 'Józwik', 'POL'),
(523, 5, 'w', 1, 'Sifan', 'Hassan', 'NED'),
(524, 5, 'w', 2, 'Hellen', 'Onsando Obiri', 'KEN'),
(525, 5, 'w', 3, 'Jennifer', 'Simpson', 'USA'),
(526, 5, 'w', 4, 'Abeba', 'Aregawi', 'SWE'),
(527, 5, 'w', 5, 'Faith', 'Chepngetich Kipyegon', 'KEN'),
(528, 5, 'w', 6, 'Shannon', 'Rowbury', 'USA'),
(529, 5, 'w', 7, 'Dawit', 'Seyaum', 'ETH'),
(530, 5, 'w', 8, 'Laura', 'Muir', 'GBR'),
(531, 5, 'w', 9, 'Mimi', 'Belete', 'BRN'),
(532, 5, 'w', 10, 'Laura', 'Weightman', 'GBR'),
(533, 5, 'w', 11, 'Viola', 'Jelagat Kibiwot', 'KEN'),
(534, 5, 'w', 12, 'Genzebe', 'Dibaba', 'ETH'),
(535, 5, 'w', 13, 'Meraf', 'Bahta', 'SWE'),
(536, 5, 'w', 14, 'Brenda', 'Martinez', 'USA'),
(537, 5, 'w', 15, 'Eunice', 'Jepkoech Sum', 'KEN'),
(538, 5, 'w', 16, 'Axumawit', 'Embaye', 'ETH'),
(539, 5, 'w', 17, 'Rababe', 'Arafi', 'MAR'),
(540, 5, 'w', 18, 'Gudaf', 'Tsegay', 'ETH'),
(541, 5, 'w', 19, 'Luiza', 'Gega', 'ALB'),
(542, 5, 'w', 20, 'Peril', 'Nengampi', 'KEN'),
(543, 6, 'w', 1, 'Genzebe', 'Dibaba', 'ETH'),
(544, 6, 'w', 2, 'Almaz', 'Ayana', 'ETH'),
(545, 6, 'w', 3, 'Viola', 'Jelagat Kibiwot', 'KEN'),
(546, 6, 'w', 4, 'Sally', 'Jepkosgei Kipyego', 'KEN'),
(547, 6, 'w', 5, 'Betsy', 'Saina', 'KEN'),
(548, 6, 'w', 6, 'Molly', 'Huddle', 'USA'),
(549, 6, 'w', 7, 'Mercy', 'Cherono', 'KEN'),
(550, 6, 'w', 8, 'Shannon', 'Rowbury', 'USA'),
(551, 6, 'w', 9, 'Janet', 'Kisa', 'KEN'),
(552, 6, 'w', 10, 'Alemitu', 'Heroye', 'ETH'),
(553, 6, 'w', 11, 'Sifan', 'Hassan', 'NED'),
(554, 6, 'w', 12, 'Meraf', 'Bahta', 'SWE'),
(555, 6, 'w', 13, 'Maryam', 'Yusuf Jamal', 'BRN'),
(556, 6, 'w', 14, 'Agnes', 'Jebet Tirop', 'KEN'),
(557, 6, 'w', 15, 'Mimi', 'Belete', 'BRN'),
(558, 6, 'w', 16, 'Irene', 'Jelagat', 'KEN'),
(559, 6, 'w', 17, 'Katie', 'Mackey', 'USA'),
(560, 6, 'w', 18, 'Joanne', 'Pavey', 'GBR'),
(561, 6, 'w', 19, 'Laura', 'Thweatt', 'USA'),
(562, 6, 'w', 20, 'Emelia', 'Gorecka', 'GBR'),
(563, 7, 'w', 1, 'Sally', 'Jepkosgei Kipyego', 'KEN'),
(564, 7, 'w', 2, 'Molly', 'Huddle', 'USA'),
(565, 7, 'w', 3, 'Betsy', 'Saina', 'KEN'),
(566, 7, 'w', 4, 'Selly', 'Chepyego Kaptich', 'KEN'),
(567, 7, 'w', 5, 'Jordan', 'Hasay', 'USA'),
(568, 7, 'w', 6, 'Ayumi', 'Hagiwara', 'JPN'),
(569, 7, 'w', 7, 'Julia', 'Bleasdale', 'GBR'),
(570, 7, 'w', 8, 'Almensh', 'Belete', 'BEL'),
(571, 7, 'w', 9, 'Doricah', 'Obare Kerubo', 'KEN'),
(572, 7, 'w', 10, 'Florence', 'Jebet Kiplagat', 'KEN'),
(573, 7, 'w', 11, 'Kim', 'Conley', 'USA'),
(574, 7, 'w', 12, 'Alia', 'Saeed Mohammed', 'KEN'),
(575, 7, 'w', 13, 'Clémence', 'Calvin', 'FRA'),
(576, 7, 'w', 14, 'Changqin', 'Ding', 'CHN'),
(577, 7, 'w', 15, 'Kasumi', 'Nishihara', 'JPN'),
(578, 7, 'w', 16, 'Jessica', 'Augusto', 'POR'),
(579, 7, 'w', 17, 'Yuka', 'Takashima', 'JPN'),
(580, 7, 'w', 18, 'Rina', 'Yamazaki', 'JPN'),
(581, 7, 'w', 19, 'Hanae', 'Tanaka', 'JPN'),
(582, 7, 'w', 20, 'Eri', 'Makikawa', 'JPN'),
(583, 8, 'w', 1, 'Tirfi', 'Tsegaye', 'ETH'),
(584, 8, 'w', 2, 'Edna', 'Ngeringwony Kiplagat', 'KEN'),
(585, 8, 'w', 3, 'Florence', 'Jebet Kiplagat', 'KEN'),
(586, 8, 'w', 4, 'Feyse', 'Tadese', 'ETH'),
(587, 8, 'w', 5, 'Tirunesh', 'Dibaba', 'ETH'),
(588, 8, 'w', 6, 'Shalane', 'Flanagan', 'USA'),
(589, 8, 'w', 7, 'Mare', 'Dibaba', 'ETH'),
(590, 8, 'w', 8, 'Tigist', 'Tufa', 'ETH'),
(591, 8, 'w', 9, 'Aberu', 'Kebede', 'ETH'),
(592, 8, 'w', 10, 'Berhane', 'Dibaba', 'ETH'),
(593, 8, 'w', 11, 'Flomena', 'Cheyech Daniel', 'KEN'),
(594, 8, 'w', 12, 'Tadelech', 'Bekele', 'ETH'),
(595, 8, 'w', 13, 'Mulu', 'Seboka', 'ETH'),
(596, 8, 'w', 14, 'Firehiwot', 'Dado', 'ETH'),
(597, 8, 'w', 15, 'Mariya', 'Konovalova', 'RUS'),
(598, 8, 'w', 16, 'Sharon', 'Jemutai Cherop', 'KEN'),
(599, 8, 'w', 17, 'Jelena', 'Prokopcuka', 'LAT'),
(600, 8, 'w', 18, 'Lucy', 'Wangui Kabuu', 'KEN'),
(601, 8, 'w', 19, 'Jessica', 'Augusto', 'POR'),
(602, 8, 'w', 20, 'Caroline', 'Rotich', 'KEN'),
(603, 9, 'w', 1, 'Hiwot', 'Ayalew', 'ETH'),
(604, 9, 'w', 2, 'Sofia', 'Assefa', 'ETH'),
(605, 9, 'w', 3, 'Emma', 'Coburn', 'USA'),
(606, 9, 'w', 4, 'Habiba', 'Ghribi', 'TUN'),
(607, 9, 'w', 5, 'Etenesh', 'Diro', 'ETH'),
(608, 9, 'w', 6, 'Ruth', 'Jebet', 'BRN'),
(609, 9, 'w', 7, 'Salima', 'Elouali Alami', 'MAR'),
(610, 9, 'w', 8, 'Milcah', 'Chemos Cheywa', 'KEN'),
(611, 9, 'w', 9, 'Hyvin', 'Kiyeng Jepkemoi', 'KEN'),
(612, 9, 'w', 10, 'Purity', 'Cherotich Kirui', 'KEN'),
(613, 9, 'w', 11, 'Charlotta', 'Fougberg', 'SWE'),
(614, 9, 'w', 12, 'Lidya', 'Chepkurui', 'KEN'),
(615, 9, 'w', 13, 'Stephanie', 'Garcia', 'USA'),
(616, 9, 'w', 14, 'Nicole', 'Bush', 'USA'),
(617, 9, 'w', 15, 'Sandra', 'Eriksson', 'FIN'),
(618, 9, 'w', 16, 'Birtukan', 'Adamu', 'ETH'),
(619, 9, 'w', 17, 'Ashley', 'Higginson', 'USA'),
(620, 9, 'w', 18, 'Sviatlana', 'Kudzelich', 'BLR'),
(621, 9, 'w', 19, 'Tigist', 'Getnet', 'ETH'),
(622, 9, 'w', 20, 'Amina', 'Bettiche', 'ALG'),
(623, 10, 'w', 1, 'Dawn', 'Harper Nelson', 'USA'),
(624, 10, 'w', 2, 'Queen', 'Harrison', 'USA'),
(625, 10, 'w', 3, 'Tiffany', 'Porter', 'GBR'),
(626, 10, 'w', 4, 'Brianna', 'Rollins', 'USA'),
(627, 10, 'w', 5, 'LoLo', 'Jones', 'USA'),
(628, 10, 'w', 6, 'Cindy', 'Billaud', 'FRA'),
(629, 10, 'w', 7, 'Kristi', 'Castlin', 'USA'),
(630, 10, 'w', 8, 'Sally', 'Pearson', 'AUS'),
(631, 10, 'w', 9, 'Kellie', 'Wells', 'USA'),
(632, 10, 'w', 10, 'Sharika', 'Nelvis', 'USA'),
(633, 10, 'w', 11, 'Kendra', 'Harrison', 'USA'),
(634, 10, 'w', 12, 'Jasmin', 'Stowers', 'USA'),
(635, 10, 'w', 13, 'Nadine', 'Hildebrand', 'GER'),
(636, 10, 'w', 14, 'Shujiao', 'Wu', 'CHN'),
(637, 10, 'w', 15, 'Jacqueline', 'Coward', 'USA'),
(638, 10, 'w', 16, 'Tenaya', 'Jones', 'USA'),
(639, 10, 'w', 17, 'Nia', 'Ali', 'USA'),
(640, 10, 'w', 18, 'Tiffany', 'McReynolds', 'USA'),
(641, 10, 'w', 19, 'Bridgette', 'Owens-Mitchell', 'USA'),
(642, 10, 'w', 20, 'Cindy', 'Roleder', 'GER'),
(643, 12, 'w', 1, 'Kaliese', 'Spencer', 'JAM'),
(644, 12, 'w', 2, 'Kori', 'Carter', 'USA'),
(645, 12, 'w', 3, 'Georganne', 'Moline', 'USA'),
(646, 12, 'w', 4, 'Eilidh', 'Child', 'GBR'),
(647, 12, 'w', 5, 'Denisa', 'Rosolová', 'CZE'),
(648, 12, 'w', 6, 'Anna', 'Titimets', 'UKR'),
(649, 12, 'w', 7, 'Adekoya', 'Oluwakemi', 'BRN'),
(650, 12, 'w', 8, 'Irina', 'Davydova', 'RUS'),
(651, 12, 'w', 9, 'Cassandra', 'Tate', 'USA'),
(652, 12, 'w', 10, 'Tiffany', 'Williams', 'USA'),
(653, 12, 'w', 11, 'Janieve', 'Russell', 'JAM'),
(654, 12, 'w', 12, 'Kendra', 'Harrison', 'USA'),
(655, 12, 'w', 13, 'Wenda', 'Nel', 'RSA'),
(656, 12, 'w', 14, 'Anna', 'Yaroshchuk-Ryzhykova', 'UKR'),
(657, 12, 'w', 15, 'Shamier', 'Little', 'USA'),
(658, 12, 'w', 16, 'Ristananna', 'Tracey', 'JAM'),
(659, 12, 'w', 17, 'Lashinda', 'Demus', 'USA'),
(660, 12, 'w', 18, 'Nikita', 'Tracey', 'JAM'),
(661, 12, 'w', 19, 'Nickiesha', 'Wilson', 'JAM'),
(662, 12, 'w', 20, 'Vera', 'Barbosa', 'POR'),
(663, 13, 'w', 1, 'Anna', 'Chicherova', 'RUS'),
(664, 13, 'w', 2, 'Ruth', 'Beitia', 'ESP'),
(665, 13, 'w', 3, 'Blanka', 'Vlašic', 'CRO'),
(666, 13, 'w', 4, 'Maria', 'Kuchina', 'RUS'),
(667, 13, 'w', 5, 'Justyna', 'Kasprzycka', 'POL'),
(668, 13, 'w', 6, 'Ana', 'Šimic', 'CRO'),
(669, 13, 'w', 7, 'Oksana', 'Okuneva', 'UKR'),
(670, 13, 'w', 8, 'Airiné', 'Palšyté', 'LTU'),
(671, 13, 'w', 9, 'Kamila', 'Licwinko', 'POL'),
(672, 13, 'w', 10, 'Nafissatou', 'Thiam', 'BEL'),
(673, 13, 'w', 11, 'Marie-Laurence', 'Jungfleisch', 'GER'),
(674, 13, 'w', 12, 'Chaunté', 'Lowe', 'USA'),
(675, 13, 'w', 13, 'Levern', 'Spencer', 'LCA'),
(676, 13, 'w', 14, 'Inika', 'McPherson', 'USA'),
(677, 13, 'w', 15, 'Svetlana', 'Radzivil', 'UZB'),
(678, 13, 'w', 16, 'Isobel', 'Pooley', 'GBR'),
(679, 13, 'w', 17, 'Xingjuan', 'Zheng', 'CHN'),
(680, 13, 'w', 18, 'Irina', 'Gordeeva', 'RUS'),
(681, 13, 'w', 19, 'Brigetta', 'Barrett', 'USA'),
(682, 13, 'w', 20, 'Eleanor', 'Patterson', 'AUS'),
(683, 14, 'w', 1, 'Fabiana', 'Murer', 'BRA'),
(684, 14, 'w', 2, 'Jennifer', 'Suhr', 'USA'),
(685, 14, 'w', 3, 'Lisa', 'Ryzih', 'GER'),
(686, 14, 'w', 4, 'Ekateríni', 'Stefanídi', 'GRE'),
(687, 14, 'w', 5, 'Yarisley', 'Silva', 'CUB'),
(688, 14, 'w', 6, 'Anzhelika', 'Sidorova', 'RUS'),
(689, 14, 'w', 7, 'Nikoléta', 'Kiriakopoúlou', 'GRE'),
(690, 14, 'w', 8, 'Nicole', 'Büchler', 'SUI'),
(691, 14, 'w', 9, 'Angelina', 'Zhuk-Krasnova', 'RUS'),
(692, 14, 'w', 10, 'Alana', 'Boyd', 'AUS'),
(693, 14, 'w', 11, 'Ling', 'Li', 'CHN'),
(694, 14, 'w', 12, 'Jirina', 'Svobodová', 'CZE'),
(695, 14, 'w', 13, 'Mary', 'Saxer', 'USA'),
(696, 14, 'w', 14, 'Kylie', 'Hutson', 'USA'),
(697, 14, 'w', 15, 'Marion', 'Fiack', 'FRA'),
(698, 14, 'w', 16, 'Katharina', 'Bauer', 'GER'),
(699, 14, 'w', 17, 'Yuliya', 'Golubchikova', 'RUS'),
(700, 14, 'w', 18, 'Sandi', 'Morris', 'USA'),
(701, 14, 'w', 19, 'Vanessa', 'Boslak', 'FRA'),
(702, 14, 'w', 20, 'Minna', 'Nikkanen', 'FIN'),
(703, 15, 'w', 1, 'Tianna', 'Bartoletta', 'USA'),
(704, 15, 'w', 2, 'Anna', 'Nazarova-Klyashtornaya', 'RUS'),
(705, 15, 'w', 3, 'Brittney', 'Reese', 'USA'),
(706, 15, 'w', 4, 'Éloyse', 'Lesueur', 'FRA'),
(707, 15, 'w', 5, 'Katarina', 'Johnson-Thompson', 'GBR'),
(708, 15, 'w', 6, 'Malaika', 'Mihambo', 'GER'),
(709, 15, 'w', 7, 'Darya', 'Klishina', 'RUS'),
(710, 15, 'w', 8, 'Ivana', 'Španovic', 'SRB'),
(711, 15, 'w', 9, 'Lena', 'Malkus', 'GER'),
(712, 15, 'w', 10, 'Blessing', 'Okagbare', 'NGR'),
(713, 15, 'w', 11, 'Tori', 'Bowie', 'USA'),
(714, 15, 'w', 12, 'Sostene', 'Moguenara-Taroum', 'GER'),
(715, 15, 'w', 13, 'Shara', 'Proctor', 'GBR'),
(716, 15, 'w', 14, 'Funmi', 'Jimoh', 'USA'),
(717, 15, 'w', 15, 'Yulia', 'Pidluzhnaya', 'RUS'),
(718, 15, 'w', 16, 'María', 'del Mar Jover', 'ESP'),
(719, 15, 'w', 17, 'Dafne', 'Schippers', 'NED'),
(720, 15, 'w', 18, 'Irene', 'Pusterla', 'SUI'),
(721, 15, 'w', 19, 'Alina', 'Rotaru', 'ROU'),
(722, 15, 'w', 20, 'Christabel', 'Nettey', 'CAN'),
(723, 16, 'w', 1, 'Caterine', 'Ibargüen', 'COL'),
(724, 16, 'w', 2, 'Ekaterina', 'Koneva', 'RUS'),
(725, 16, 'w', 3, 'Olga', 'Saladukha', 'UKR'),
(726, 16, 'w', 4, 'Kimberly', 'Williams', 'JAM'),
(727, 16, 'w', 5, 'Yosiri', 'Urrutia', 'COL'),
(728, 16, 'w', 6, 'Mabel', 'Gay', 'CUB'),
(729, 16, 'w', 7, 'Alsu', 'Murtazina', 'RUS'),
(730, 16, 'w', 8, 'Irina', 'Gumenyuk', 'RUS'),
(731, 16, 'w', 9, 'Dailenys', 'Alcántara', 'CUB'),
(732, 16, 'w', 10, 'Ayanna', 'Alexander', 'TTO'),
(733, 16, 'w', 11, 'Olga', 'Rypakova', 'KAZ'),
(734, 16, 'w', 12, 'Yarianna', 'Martínez', 'CUB'),
(735, 16, 'w', 13, 'Patrícia', 'Mamona', 'POR'),
(736, 16, 'w', 14, 'Natallia', 'Viatkina', 'BLR'),
(737, 16, 'w', 15, 'Andriana', 'Bânova', 'BUL'),
(738, 16, 'w', 16, 'Kristin', 'Gierisch', 'GER'),
(739, 16, 'w', 17, 'Hanna', 'Knyazyeva-Minenko', 'ISR'),
(740, 16, 'w', 18, 'Anna', 'Pyatykh', 'RUS'),
(741, 16, 'w', 19, 'Katja', 'Demut', 'GER'),
(742, 16, 'w', 20, 'Nubia', 'Soares', 'BRA'),
(743, 17, 'w', 1, 'Valerie', 'Adams', 'NZL'),
(744, 17, 'w', 2, 'Christina', 'Schwanitz', 'GER'),
(745, 17, 'w', 3, 'Michelle', 'Carter', 'USA'),
(746, 17, 'w', 4, 'Lijiao', 'Gong', 'CHN'),
(747, 17, 'w', 5, 'Evgeniia', 'Kolodko', 'RUS'),
(748, 17, 'w', 6, 'Galyna', 'Obleshchuk', 'UKR'),
(749, 17, 'w', 7, 'Felisha', 'Johnson', 'USA'),
(750, 17, 'w', 8, 'Cleopatra', 'Borel', 'TTO'),
(751, 17, 'w', 9, 'Anita', 'Márton', 'HUN'),
(752, 17, 'w', 10, 'Aliona', 'Dubitskaya', 'BLR'),
(753, 17, 'w', 11, 'Yuliya', 'Leantsiuk', 'BLR'),
(754, 17, 'w', 12, 'Tia', 'Brooks', 'USA'),
(755, 17, 'w', 13, 'Alena', 'Abramchuk', 'BLR'),
(756, 17, 'w', 14, 'Brittany', 'Smith', 'USA'),
(757, 17, 'w', 15, 'Olga', 'Golodna', 'UKR'),
(758, 17, 'w', 16, 'Chiara', 'Rosa', 'ITA'),
(759, 17, 'w', 17, 'Irina', 'Tarasova', 'RUS'),
(760, 17, 'w', 18, 'Yaniuvis', 'López', 'CUB'),
(761, 17, 'w', 19, 'Tianqian', 'Guo', 'CHN'),
(762, 17, 'w', 20, 'Natalia', 'Ducó', 'CHI'),
(763, 18, 'w', 1, 'Sandra', 'Perkovic', 'CRO'),
(764, 18, 'w', 2, 'Gia', 'Lewis-Smallwood', 'USA'),
(765, 18, 'w', 3, 'Dani', 'Samuels', 'AUS'),
(766, 18, 'w', 4, 'Nadine', 'Müller', 'GER'),
(767, 18, 'w', 5, 'Julia', 'Fischer', 'GER'),
(768, 18, 'w', 6, 'Yaime', 'Pérez', 'CUB'),
(769, 18, 'w', 7, 'Shanice', 'Craft', 'GER'),
(770, 18, 'w', 8, 'Zinaida', 'Sendriuté', 'LTU'),
(771, 18, 'w', 9, 'Ekaterina', 'Strokova', 'RUS'),
(772, 18, 'w', 10, 'Mélina', 'Robert-Michon', 'FRA'),
(773, 18, 'w', 11, 'Denia', 'Caballero', 'CUB'),
(774, 18, 'w', 12, 'Anna', 'Rüh', 'GER'),
(775, 18, 'w', 13, 'Fernanda', 'Martins', 'BRA'),
(776, 18, 'w', 14, 'Whitney', 'Ashley', 'USA'),
(777, 18, 'w', 15, 'Shelbi', 'Vaughan', 'USA'),
(778, 18, 'w', 16, 'Yuliya', 'Maltseva', 'RUS'),
(779, 18, 'w', 17, 'Natalia', 'Semenova', 'UKR'),
(780, 18, 'w', 18, 'Yanbo', 'Yang', 'CHN'),
(781, 18, 'w', 19, 'Irina', 'Rodrigues', 'POR'),
(782, 18, 'w', 20, 'Rocío', 'Comba', 'ARG'),
(783, 19, 'w', 1, 'Anita', 'Wlodarczyk', 'POL'),
(784, 19, 'w', 2, 'Betty', 'Heidler', 'GER'),
(785, 19, 'w', 3, 'Zheng', 'Wang', 'CHN'),
(786, 19, 'w', 4, 'Wenxiu', 'Zhang', 'CHN'),
(787, 19, 'w', 5, 'Sultana', 'Frizell', 'CAN'),
(788, 19, 'w', 6, 'Martina', 'Hrasnová', 'SVK'),
(789, 19, 'w', 7, 'Amanda', 'Bingson', 'USA'),
(790, 19, 'w', 8, 'Kathrin', 'Klaas', 'GER'),
(791, 19, 'w', 9, 'Joanna', 'Fiodorow', 'POL'),
(792, 19, 'w', 10, 'Jessica', 'Cosby Toruga', 'USA'),
(793, 19, 'w', 11, 'Anna', 'Bulgakova', 'RUS'),
(794, 19, 'w', 12, 'Iryna', 'Novozhylova', 'UKR'),
(795, 19, 'w', 13, 'Amber', 'Campbell', 'USA'),
(796, 19, 'w', 14, 'Tingting', 'Liu', 'CHN'),
(797, 19, 'w', 15, 'Éva', 'Orbán', 'HUN'),
(798, 19, 'w', 16, 'Rosa', 'Rodríguez', 'VEN'),
(799, 19, 'w', 17, 'Oksana', 'Kondrateva', 'RUS'),
(800, 19, 'w', 18, 'Gwen', 'Berry', 'USA'),
(801, 19, 'w', 19, 'Bianca', 'Perie', 'ROU'),
(802, 19, 'w', 20, 'Mariya', 'Bespalova', 'RUS'),
(803, 20, 'w', 1, 'Barbora', 'Špotáková', 'CZE'),
(804, 20, 'w', 2, 'Linda', 'Stahl', 'GER'),
(805, 20, 'w', 3, 'Hanna', 'Hatsko-Fedusova', 'UKR'),
(806, 20, 'w', 4, 'Kimberley', 'Mickle', 'AUS'),
(807, 20, 'w', 5, 'Madara', 'Palameika', 'LAT'),
(808, 20, 'w', 6, 'Martina', 'Ratej', 'SLO'),
(809, 20, 'w', 7, 'Kathryn', 'Mitchell', 'AUS'),
(810, 20, 'w', 8, 'Li', 'Zhang', 'CHN'),
(811, 20, 'w', 9, 'Sunette', 'Viljoen', 'RSA'),
(812, 20, 'w', 10, 'Elizabeth', 'Gleadle', 'CAN'),
(813, 20, 'w', 11, 'Tatjana', 'Jelaca', 'SRB'),
(814, 20, 'w', 12, 'Kelsey-Lee', 'Roberts', 'AUS'),
(815, 20, 'w', 13, 'Flor', 'Ruiz', 'COL'),
(816, 20, 'w', 14, 'Tatsiana', 'Khaladovich', 'BLR'),
(817, 20, 'w', 15, 'Kathrina', 'Molitor', 'GER'),
(818, 20, 'w', 16, 'Christin', 'Hussong', 'GER'),
(819, 20, 'w', 17, 'Liina', 'Laasma', 'EST'),
(820, 20, 'w', 18, 'Kara', 'Winger', 'USA'),
(821, 20, 'w', 19, 'Jucilene', 'de Lima', 'BRA'),
(822, 20, 'w', 20, 'Goldie', 'Sayers', 'GBR'),
(823, 21, 'w', 1, 'Katarina', 'Johnson-Thompson', 'GBR'),
(824, 21, 'w', 2, 'Brianne', 'Theisen Eaton', 'CAN'),
(825, 21, 'w', 3, 'Antoinette', 'Nana Djimou Ida', 'FRA'),
(826, 21, 'w', 4, 'Dafne', 'Schippers', 'NED'),
(827, 21, 'w', 5, 'Nadine', 'Broersen', 'NED'),
(828, 21, 'w', 6, 'Nafissatou', 'Thiam', 'BEL'),
(829, 21, 'w', 7, 'Sharon', 'Day-Monroe', 'USA'),
(830, 21, 'w', 8, 'Eliška', 'Klucinová', 'CZE'),
(831, 21, 'w', 9, 'Lilli', 'Schwarzkopf', 'GER'),
(832, 21, 'w', 10, 'Carolin', 'Schäfer', 'GER'),
(833, 21, 'w', 11, 'Laura', 'Ikauniece', 'LAT'),
(834, 21, 'w', 12, 'Xénia', 'Krizsán', 'HUN'),
(835, 21, 'w', 13, 'Anouk', 'Vetter', 'NED'),
(836, 21, 'w', 14, 'Claudia', 'Rath', 'GER'),
(837, 21, 'w', 15, 'Barbara', 'Nwaba', 'USA'),
(838, 21, 'w', 16, 'Jessica', 'Zelinka', 'CAN'),
(839, 21, 'w', 17, 'Karolina', 'Tyminska', 'POL'),
(840, 21, 'w', 18, 'Yorgelis', 'Rodríguez', 'CUB'),
(841, 21, 'w', 19, 'Anastasiya', 'Mokhnyuk', 'UKR'),
(842, 21, 'w', 20, 'Yana', 'Maksimava', 'BLR'),
(843, 23, 'w', 1, 'Anisya', 'Kirdyapkina', 'RUS'),
(844, 23, 'w', 2, 'Hong', 'Liu', 'CHN'),
(845, 23, 'w', 3, 'Elmira', 'Alembekova', 'RUS'),
(846, 23, 'w', 4, 'Vera', 'Sokolova', 'RUS'),
(847, 23, 'w', 5, 'Eleonora', 'Giorgi', 'ITA'),
(848, 23, 'w', 6, 'Xiuzhi', 'Lu', 'CHN'),
(849, 23, 'w', 7, 'Lyudmyla', 'Olyanovska', 'UKR'),
(850, 23, 'w', 8, 'Ana', 'Cabecinha', 'POR'),
(851, 23, 'w', 9, 'Antonella', 'Palmisano', 'ITA'),
(852, 23, 'w', 10, 'Marina', 'Pandakova', 'RUS'),
(853, 23, 'w', 11, 'Vera', 'Santos', 'POR'),
(854, 23, 'w', 12, 'Anežka', 'Drahotová', 'CZE'),
(855, 23, 'w', 13, 'Lina', 'Kaluckaya', 'RUS'),
(856, 23, 'w', 14, 'Raquel', 'González', 'ESP'),
(857, 23, 'w', 15, 'Jingjing', 'Nie', 'CHN'),
(858, 23, 'w', 16, 'María', 'José Poves', 'ESP'),
(859, 23, 'w', 17, 'Maria', 'Guadalupe Gonzalez', 'MEX'),
(860, 23, 'w', 18, 'Svetlana', 'Vasilyeva', 'RUS'),
(861, 23, 'w', 19, 'Susana', 'Feitor', 'POR'),
(862, 23, 'w', 20, 'Agnieszka', 'Dygacz', 'POL');

-- --------------------------------------------------------

--
-- Table structure for table `countries`
--

CREATE TABLE `countries` (
  `id` int(11) unsigned NOT NULL AUTO_INCREMENT,
  `country` varchar(255) NOT NULL,
  `country_name` varchar(255) NOT NULL,
  PRIMARY KEY (`id`)
) ENGINE=InnoDB  DEFAULT CHARSET=latin1 AUTO_INCREMENT=213 ;

--
-- Dumping data for table `countries`
--

INSERT INTO `countries` (`id`, `country`, `country_name`) VALUES
(1, 'AIA', 'ANGUILLA'),
(2, 'AFG', 'AFGHANISTAN'),
(3, 'ALB', 'ALBANIA'),
(4, 'ALG', 'ALGERIA'),
(5, 'ASA', 'AMERICAN SAMOA'),
(6, 'AND', 'ANDORRA'),
(7, 'ANG', 'ANGOLA'),
(8, 'ANT', 'ANTIGUA & BARBUDA'),
(9, 'ARG', 'ARGENTINA'),
(10, 'ARM', 'ARMENIA'),
(11, 'ARU', 'ARUBA'),
(12, 'AUS', 'AUSTRALIA'),
(13, 'AUT', 'AUSTRIA'),
(14, 'AZE', 'AZERBAIJAN'),
(15, 'BAH', 'BAHAMAS'),
(16, 'BRN', 'BAHRAIN'),
(17, 'BAN', 'BANGLADESH'),
(18, 'BAR', 'BARBADOS'),
(19, 'BLR', 'BELARUS'),
(20, 'BEL', 'BELGIUM'),
(21, 'BIZ', 'BELIZE'),
(22, 'BEN', 'BENIN'),
(23, 'BER', 'BERMUDA'),
(24, 'BHU', 'BHUTAN'),
(25, 'BOL', 'BOLIVIA'),
(26, 'BIH', 'BOSNIA-HERZEGOVINA'),
(27, 'BOT', 'BOTSWANA'),
(28, 'BRA', 'BRAZIL'),
(29, 'IVB', 'BRITISH VIRGIN ISLANDS'),
(30, 'BRU', 'BRUNEI'),
(31, 'BUL', 'BULGARIA'),
(32, 'BUR', 'BURKINA FASO'),
(33, 'BDI', 'BURUNDI'),
(34, 'CAM', 'CAMBODIA'),
(35, 'CMR', 'CAMEROON'),
(36, 'CAN', 'CANADA'),
(37, 'CPV', 'CAPE VERDE ISLANDS'),
(38, 'CAY', 'CAYMAN ISLANDS'),
(39, 'CAF', 'CENTRAL AFRICAN REPUBLIC'),
(40, 'CHA', 'CHAD'),
(41, 'CHI', 'CHILE'),
(42, 'TPE', 'CHINESE TAIPEI'),
(43, 'COL', 'COLOMBIA'),
(44, 'DMA', 'Commonwealth of DOMINICA'),
(45, 'COM', 'COMOROS'),
(46, 'CGO', 'CONGO'),
(47, 'COK', 'COOK ISLANDS'),
(48, 'CRC', 'COSTA RICA'),
(49, 'CRO', 'CROATIA'),
(50, 'CUB', 'CUBA'),
(51, 'CYP', 'CYPRUS'),
(52, 'CZE', 'CZECH REPUBLIC'),
(53, 'STP', 'DEM. REP. OF SAO TOME E'),
(54, 'COD', 'DEMOC. REPUBLIC OF CONGO'),
(55, 'DEN', 'DENMARK'),
(56, 'DJI', 'DJIBOUTI'),
(57, 'DOM', 'DOMINICAN REPUBLIC'),
(58, 'PRK', 'DPR OF KOREA'),
(59, 'TLS', 'EAST TIMOR'),
(60, 'ECU', 'ECUADOR'),
(61, 'EGY', 'EGYPT'),
(62, 'ESA', 'EL SALVADOR'),
(63, 'GEQ', 'EQUATORIAL GUINEA'),
(64, 'ERI', 'ERITREA'),
(65, 'EST', 'ESTONIA'),
(66, 'ETH', 'ETHIOPIA'),
(67, 'MKD', 'F Y REP. OF MACEDONIA'),
(68, 'FIJ', 'FIJI'),
(69, 'FIN', 'FINLAND'),
(70, 'FRA', 'FRANCE'),
(71, 'PYF', 'FRENCH POLYNESIA'),
(72, 'GAB', 'GABON'),
(73, 'GEO', 'GEORGIA'),
(74, 'GER', 'GERMANY'),
(75, 'GHA', 'GHANA'),
(76, 'GIB', 'GIBRALTAR'),
(77, 'GBR', 'GREAT BRITAIN'),
(78, 'GRE', 'GREECE'),
(79, 'GRN', 'GRENADA'),
(80, 'GUM', 'GUAM'),
(81, 'GUA', 'GUATEMALA'),
(82, 'GUI', 'GUINEA'),
(83, 'GBS', 'GUINEA-BISSAU'),
(84, 'GUY', 'GUYANA'),
(85, 'HAI', 'HAITI'),
(86, 'HON', 'HONDURAS'),
(87, 'HKG', 'HONG KONG, CHINA'),
(88, 'HUN', 'HUNGARY'),
(89, 'ISL', 'ICELAND'),
(90, 'IND', 'INDIA'),
(91, 'INA', 'INDONESIA'),
(92, 'IRQ', 'IRAQ'),
(93, 'IRL', 'IRELAND'),
(94, 'IRI', 'ISLAMIC REPUBLIC OF IRAN'),
(95, 'ISR', 'ISRAEL'),
(96, 'ITA', 'ITALY'),
(97, 'CIV', 'IVORY COAST'),
(98, 'JAM', 'JAMAICA'),
(99, 'JPN', 'JAPAN'),
(100, 'JOR', 'JORDAN'),
(101, 'KAZ', 'KAZAKHSTAN'),
(102, 'KEN', 'KENYA'),
(103, 'KGZ', 'KIRGHIZISTAN'),
(104, 'KIR', 'KIRIBATI Rep of'),
(105, 'KOR', 'KOREA'),
(106, 'KUW', 'KUWAIT'),
(107, 'LAO', 'LAOS'),
(108, 'LAT', 'LATVIA'),
(109, 'LIB', 'LEBANON'),
(110, 'LES', 'LESOTHO'),
(111, 'LBR', 'LIBERIA'),
(112, 'LBA', 'LIBYA'),
(113, 'LIE', 'LIECHTENSTEIN'),
(114, 'LTU', 'LITHUANIA'),
(115, 'LUX', 'LUXEMBOURG'),
(116, 'MAC', 'MACAO'),
(117, 'MAD', 'MADAGASCAR'),
(118, 'MAW', 'MALAWI'),
(119, 'MAS', 'MALAYSIA'),
(120, 'MDV', 'MALDIVES'),
(121, 'MLI', 'MALI'),
(122, 'MLT', 'MALTA'),
(123, 'MHL', 'MARSHALL ISLANDS'),
(124, 'MTN', 'MAURITANIA'),
(125, 'MRI', 'MAURITIUS'),
(126, 'MEX', 'MEXICO'),
(127, 'FSM', 'MICRONESIA'),
(128, 'MDA', 'MOLDOVA'),
(129, 'MON', 'MONACO'),
(130, 'MGL', 'MONGOLIA'),
(131, 'MNE', 'MONTENEGRO'),
(132, 'MNT', 'MONTSERRAT'),
(133, 'MAR', 'MOROCCO'),
(134, 'MOZ', 'MOZAMBIQUE'),
(135, 'MYA', 'MYANMAR'),
(136, 'NAM', 'NAMIBIA'),
(137, 'NEP', 'NEPAL'),
(138, 'NED', 'NETHERLANDS'),
(139, 'NZL', 'NEW ZEALAND'),
(140, 'NCA', 'NICARAGUA'),
(141, 'NIG', 'NIGER'),
(142, 'NGR', 'NIGERIA'),
(143, 'NFI', 'NORFOLK ISLAND'),
(144, 'NMI', 'NORTHERN MARIANA ISLANDS'),
(145, 'NOR', 'NORWAY'),
(146, 'OMA', 'OMAN'),
(147, 'PAK', 'PAKISTAN'),
(148, 'PLE', 'PALESTINE'),
(149, 'PAN', 'PANAMA'),
(150, 'PNG', 'PAPUA NEW GUINEA'),
(151, 'PAR', 'PARAGUAY'),
(152, 'PER', 'PERU'),
(153, 'PHI', 'PHILIPPINES'),
(154, 'POL', 'POLAND'),
(155, 'POR', 'PORTUGAL'),
(156, 'CHN', 'PR OF CHINA'),
(157, 'PUR', 'PUERTO RICO'),
(158, 'QAT', 'QATAR'),
(159, 'NRU', 'Rep of NAURU - Pacific'),
(160, 'PLW', 'Rep of PALAU - Pacific'),
(161, 'YEM', 'REPUBLIC Of YEMEN'),
(162, 'ROU', 'ROMANIA'),
(163, 'RUS', 'RUSSIA'),
(164, 'RWA', 'RWANDA'),
(165, 'SKN', 'SAINT KITTS AND NEVIS'),
(166, 'LCA', 'SAINT LUCIA'),
(167, 'VIN', 'SAINT VINCENT'),
(168, 'SAM', 'SAMOA'),
(169, 'SMR', 'SAN MARINO'),
(170, 'KSA', 'SAUDI ARABIA'),
(171, 'SEN', 'SENEGAL'),
(172, 'SRB', 'SERBIA'),
(173, 'SEY', 'SEYCHELLES'),
(174, 'SLE', 'SIERRA LEONE'),
(175, 'SIN', 'SINGAPORE'),
(176, 'SVK', 'SLOVAK REPUBLIC'),
(177, 'SLO', 'SLOVENIA'),
(178, 'SOL', 'SOLOMON ISLANDS'),
(179, 'SOM', 'SOMALIA'),
(180, 'RSA', 'SOUTH AFRICA'),
(181, 'ESP', 'SPAIN'),
(182, 'SRI', 'SRI LANKA'),
(183, 'SUD', 'SUDAN'),
(184, 'SUR', 'SURINAM'),
(185, 'SWZ', 'SWAZILAND'),
(186, 'SWE', 'SWEDEN'),
(187, 'SUI', 'SWITZERLAND'),
(188, 'SYR', 'SYRIA'),
(189, 'TJK', 'TAJIKISTAN'),
(190, 'TAN', 'TANZANIA'),
(191, 'THA', 'THAILAND'),
(192, 'GAM', 'THE GAMBIA'),
(193, 'TOG', 'TOGO'),
(194, 'TGA', 'TONGA'),
(195, 'TTO', 'TRINIDAD AND TOBAGO'),
(196, 'TUN', 'TUNISIA'),
(197, 'TUR', 'TURKEY'),
(198, 'TKM', 'TURKMENISTAN'),
(199, 'TKS', 'TURKS AND CAICOS ISLANDS'),
(200, 'TUV', 'TUVALU'),
(201, 'UGA', 'UGANDA'),
(202, 'UKR', 'UKRAINE'),
(203, 'UAE', 'UNITED ARAB EMIRATES'),
(204, 'USA', 'UNITED STATES'),
(205, 'URU', 'URUGUAY'),
(206, 'UZB', 'UZBEKISTAN'),
(207, 'VAN', 'VANUATU'),
(208, 'VEN', 'VENEZUELA'),
(209, 'VIE', 'VIETNAM'),
(210, 'ISV', 'VIRGIN ISLANDS'),
(211, 'ZAM', 'ZAMBIA'),
(212, 'ZIM', 'ZIMBABWE');

-- --------------------------------------------------------

--
-- Table structure for table `eventnames`
--

CREATE TABLE `eventnames` (
  `id` int(10) unsigned NOT NULL AUTO_INCREMENT,
  `eventOrder` int(11) NOT NULL,
  `eventName` varchar(20) NOT NULL DEFAULT '',
  `eventImage` varchar(100) NOT NULL DEFAULT '01.svg',
  PRIMARY KEY (`id`)
) ENGINE=MyISAM  DEFAULT CHARSET=latin1 AUTO_INCREMENT=49 ;

--
-- Dumping data for table `eventnames`
--

INSERT INTO `eventnames` (`id`, `eventOrder`, `eventName`, `eventImage`) VALUES
(1, 1, '100m', '01'),
(2, 2, '200m', '01'),
(3, 3, '400m', '02'),
(4, 4, '800m', '02'),
(5, 5, '1500m', '14'),
(6, 6, '5000m', '14'),
(7, 7, '10000m', '14'),
(8, 8, 'Marathon', '14'),
(9, 9, '3000m Steeplechase', '04'),
(10, 10, '100m Hurdles', '04'),
(11, 11, '110m Hurdles', '04'),
(12, 12, '400m Hurdles', '04'),
(13, 13, 'High Jump', '05'),
(14, 14, 'Pole Vault', '06'),
(15, 15, 'Long Jump', '07'),
(16, 16, 'Triple Jump', '08'),
(17, 17, 'Shot Put', '09'),
(18, 18, 'Discus Throw', '10'),
(19, 19, 'Hammer Throw', '11'),
(20, 20, 'Javelin Throw', '12'),
(21, 21, 'Heptathlon', '13'),
(22, 22, 'Decathlon', '13'),
(23, 23, '20km Race Walk', '03'),
(24, 24, '50km Race Walk', '03');

-- --------------------------------------------------------

--
-- Table structure for table `migrations`
--

CREATE TABLE `migrations` (
  `migration` varchar(255) COLLATE utf8_unicode_ci NOT NULL,
  `batch` int(11) NOT NULL
) ENGINE=InnoDB DEFAULT CHARSET=utf8 COLLATE=utf8_unicode_ci;

--
-- Dumping data for table `migrations`
--

INSERT INTO `migrations` (`migration`, `batch`) VALUES
('2014_08_10_003204_create_users_table', 1);

-- --------------------------------------------------------

--
-- Table structure for table `selections`
--

CREATE TABLE `selections` (
  `id` int(10) NOT NULL AUTO_INCREMENT,
  `user_id` int(11) NOT NULL,
  `event_id` int(11) NOT NULL,
  `gender` char(1) NOT NULL,
  `gold` int(11) NOT NULL,
  `silver` int(11) NOT NULL,
  `bronze` int(11) NOT NULL,
  PRIMARY KEY (`id`),
  KEY `user_id` (`user_id`)
) ENGINE=InnoDB  DEFAULT CHARSET=latin1 AUTO_INCREMENT=121 ;

--
-- Dumping data for table `selections`
--

INSERT INTO `selections` (`id`, `user_id`, `event_id`, `gender`, `gold`, `silver`, `bronze`) VALUES
(1, 2, 6, 'm', 102, 101, 104),
(2, 2, 1, 'm', 1, 2, 4),
(3, 1, 1, 'm', 1, 2, 3),
(4, 1, 2, 'm', 21, 23, 24),
(5, 1, 3, 'm', 42, 41, 43),
(6, 1, 7, 'm', 123, 121, 124),
(7, 1, 1, 'w', 443, 444, 447),
(8, 1, 11, 'm', 181, 183, 184),
(9, 1, 17, 'm', 302, 304, 305),
(10, 1, 4, 'm', 65, 61, 66),
(11, 1, 6, 'm', 103, 101, 104),
(12, 1, 8, 'm', 141, 144, 146),
(13, 1, 9, 'm', 161, 163, 164),
(14, 1, 5, 'm', 81, 82, 83),
(15, 1, 12, 'm', 201, 203, 205),
(16, 1, 18, 'm', 323, 321, 322),
(17, 1, 19, 'm', 344, 342, 341),
(18, 1, 20, 'm', 367, 364, 365),
(19, 1, 13, 'm', 222, 223, 224),
(20, 1, 14, 'm', 255, 253, 252),
(21, 1, 15, 'm', 261, 262, 263),
(22, 1, 16, 'm', 281, 282, 283),
(23, 1, 2, 'w', 465, 463, 464),
(24, 1, 14, 'w', 686, 685, 687),
(25, 1, 15, 'w', 708, 709, 710),
(26, 3, 1, 'm', 1, 2, 3),
(27, 3, 2, 'm', 21, 22, 23),
(28, 3, 3, 'm', 41, 42, 43),
(29, 3, 4, 'm', 61, 62, 63),
(30, 4, 1, 'm', 4, 5, 6),
(31, 4, 2, 'm', 24, 23, 25),
(32, 4, 3, 'm', 45, 43, 44),
(33, 4, 4, 'm', 67, 65, 66),
(34, 4, 5, 'm', 84, 86, 83),
(35, 5, 1, 'm', 1, 2, 4),
(36, 5, 2, 'm', 21, 23, 24),
(37, 5, 3, 'm', 46, 47, 43),
(38, 5, 4, 'm', 61, 63, 64),
(39, 5, 5, 'm', 83, 82, 85),
(40, 5, 6, 'm', 102, 104, 106),
(41, 5, 7, 'm', 123, 124, 125),
(42, 5, 8, 'm', 141, 143, 144),
(43, 5, 9, 'm', 161, 164, 165),
(44, 1, 8, 'w', 585, 586, 587),
(45, 2, 2, 'm', 21, 22, 23),
(46, 2, 3, 'm', 44, 42, 43),
(47, 2, 4, 'm', 65, 63, 61),
(48, 2, 5, 'm', 84, 86, 83),
(49, 1, 22, 'm', 382, 384, 385),
(50, 1, 23, 'm', 403, 405, 408),
(51, 1, 24, 'm', 424, 423, 425),
(52, 1, 12, 'w', 645, 643, 646),
(53, 1, 16, 'w', 734, 727, 724),
(54, 1, 17, 'w', 743, 744, 745),
(55, 1, 18, 'w', 764, 767, 775),
(56, 1, 19, 'w', 783, 784, 785),
(57, 1, 20, 'w', 804, 803, 805),
(58, 1, 21, 'w', 824, 825, 826),
(59, 1, 3, 'w', 483, 486, 485),
(60, 1, 4, 'w', 506, 505, 504),
(61, 1, 5, 'w', 524, 525, 526),
(62, 1, 6, 'w', 546, 547, 549),
(63, 1, 7, 'w', 564, 563, 565),
(64, 1, 9, 'w', 609, 610, 611),
(65, 1, 10, 'w', 623, 624, 625),
(66, 1, 13, 'w', 664, 663, 665),
(67, 1, 23, 'w', 843, 846, 845),
(68, 3, 1, 'w', 443, 444, 445),
(69, 3, 2, 'w', 463, 464, 465),
(70, 3, 3, 'w', 483, 484, 485),
(71, 4, 1, 'w', 443, 444, 446),
(72, 4, 2, 'w', 466, 465, 464),
(73, 4, 3, 'w', 486, 485, 484),
(74, 4, 4, 'w', 503, 505, 506),
(75, 5, 1, 'w', 443, 446, 447),
(76, 5, 2, 'w', 467, 465, 464),
(77, 5, 3, 'w', 489, 485, 486),
(78, 5, 4, 'w', 503, 507, 508),
(79, 6, 1, 'm', 1, 2, 3),
(80, 7, 1, 'm', 1, 2, 3),
(81, 10, 1, 'm', 1, 3, 2),
(82, 10, 2, 'm', 23, 25, 26),
(83, 10, 3, 'm', 45, 43, 42),
(84, 10, 4, 'm', 67, 65, 64),
(85, 10, 1, 'w', 443, 444, 445),
(86, 10, 2, 'w', 463, 469, 468),
(87, 11, 1, 'm', 1, 2, 3),
(88, 11, 2, 'w', 463, 464, 465),
(89, 11, 3, 'm', 42, 43, 44),
(90, 13, 1, 'm', 3, 1, 2),
(91, 13, 2, 'm', 26, 28, 27),
(92, 2, 7, 'm', 121, 122, 124),
(93, 2, 1, 'w', 444, 443, 445),
(94, 2, 2, 'w', 464, 463, 465),
(95, 2, 3, 'w', 484, 485, 486),
(96, 2, 4, 'w', 504, 506, 507),
(97, 3, 4, 'w', 503, 504, 505),
(98, 3, 5, 'w', 523, 524, 525),
(99, 3, 6, 'w', 543, 544, 545),
(100, 3, 5, 'm', 81, 82, 83),
(101, 3, 6, 'm', 101, 102, 103),
(102, 4, 6, 'm', 101, 102, 104),
(103, 4, 5, 'w', 524, 526, 527),
(104, 4, 6, 'w', 544, 546, 547),
(105, 5, 5, 'w', 524, 525, 526),
(106, 5, 6, 'w', 543, 544, 545),
(107, 2, 5, 'w', 523, 524, 525),
(108, 2, 6, 'w', 543, 546, 547),
(109, 2, 13, 'w', 663, 664, 665),
(110, 2, 7, 'w', 563, 564, 565),
(111, 2, 8, 'm', 141, 143, 144),
(112, 2, 9, 'm', 161, 164, 165),
(113, 2, 11, 'm', 181, 183, 184),
(114, 2, 8, 'w', 584, 585, 589),
(115, 2, 9, 'w', 603, 604, 605),
(116, 2, 10, 'w', 623, 625, 626),
(117, 2, 12, 'w', 643, 645, 646),
(118, 2, 14, 'w', 683, 685, 686),
(119, 2, 12, 'm', 201, 204, 205),
(120, 2, 13, 'm', 221, 224, 223);

-- --------------------------------------------------------

--
-- Table structure for table `sessions`
--

CREATE TABLE `sessions` (
  `id` varchar(255) COLLATE utf8_unicode_ci NOT NULL,
  `payload` text COLLATE utf8_unicode_ci NOT NULL,
  `last_activity` int(11) NOT NULL,
  UNIQUE KEY `sessions_id_unique` (`id`)
) ENGINE=InnoDB DEFAULT CHARSET=utf8 COLLATE=utf8_unicode_ci;

--
-- Dumping data for table `sessions`
--

INSERT INTO `sessions` (`id`, `payload`, `last_activity`) VALUES
('14947005b6d8347953178d465838a351299cccdf', 'YTozOntzOjY6Il90b2tlbiI7czo0MDoiYlBoTWxyRlBjMXQ2ZmZiTjNQR2d1UGJLcVVSUU1jVHhrVXhXZTduQyI7czo1OiJmbGFzaCI7YToyOntzOjM6Im9sZCI7YTowOnt9czozOiJuZXciO2E6MDp7fX1zOjk6Il9zZjJfbWV0YSI7YTozOntzOjE6InUiO2k6MTQzMzMxMzA1NztzOjE6ImMiO2k6MTQzMzMxMjA5NztzOjE6ImwiO3M6MToiMCI7fX0=', 1433313057);

-- --------------------------------------------------------

--
-- Table structure for table `users`
--

CREATE TABLE `users` (
  `id` int(10) unsigned NOT NULL AUTO_INCREMENT,
  `email` varchar(255) COLLATE utf8_unicode_ci NOT NULL,
  `password` varchar(60) COLLATE utf8_unicode_ci NOT NULL,
  `password_temp` varchar(60) COLLATE utf8_unicode_ci NOT NULL,
  `screen_name` varchar(60) COLLATE utf8_unicode_ci NOT NULL,
  `remember_token` varchar(60) COLLATE utf8_unicode_ci DEFAULT NULL,
  `created_at` timestamp NOT NULL DEFAULT '0000-00-00 00:00:00',
  `updated_at` timestamp NOT NULL DEFAULT '0000-00-00 00:00:00',
  PRIMARY KEY (`id`),
  UNIQUE KEY `users_email_unique` (`email`)
) ENGINE=InnoDB  DEFAULT CHARSET=utf8 COLLATE=utf8_unicode_ci AUTO_INCREMENT=14 ;

--
-- Dumping data for table `users`
--

INSERT INTO `users` (`id`, `email`, `password`, `password_temp`, `screen_name`, `remember_token`, `created_at`, `updated_at`) VALUES
(1, 'gavin@imaging4design.co.nz', '$2y$10$4o39Nfo2RINxQxS5MqArpu0xr/jzDAC7KpVF7nH2itRF8IVvsANkC', '$2y$10$OmHQHXwBe7UBpXpv8.QCmOBpYzItDRxsfQpX6RKhSooJjB/TzQGjq', 'Gavin Lovegrove', 'syNYKOoHvETBhLjzfDE0iOYOkH6ScN8ECsJlroR5Ep527UuTqs71lQavfce5', '2015-03-21 13:01:13', '2015-06-02 18:30:57'),
(2, 'michele@imaging4design.co.nz', '$2y$10$QW1uMrw4jH8khvJVKCCyeOGVmHp6vTLiIxSn86aoaY9XohCOFU.PK', '', 'Michele', 'rln7RguD1i97JRJbowzwsBR5So60fUEdseOcQIjHodf6V6AJRKVFVMXh9lYI', '2015-03-28 17:54:17', '2015-05-26 21:57:18'),
(3, 'admin1@admin.com', '$2y$10$WdyObYDqVknSvELICmI6Cu.PZFqHLfC8E0XEmvdYVzoU1XBQacu0a', '', 'Steve Hollings', 'PlXvTkzmScGT6MJ5CoNenVjtCoTWvEHVVRqdUCKD8CF5XeK7IkfEQ2mj7PHi', '2015-04-08 18:48:21', '2015-05-09 16:20:12'),
(4, 'admin2@admin.com', '$2y$10$Bxt7oM57MQub0eUTGcYF4.NpibHQ6CchBoLVXRblkBJWIbva8wh3.', '', 'Terry Lomax', 'k5vx8CQ21BIyFGgnQMCEKzmpt7eFrMNIOXkN6RtGJerkuIcLQk0efQw5sDEK', '2015-04-08 18:48:56', '2015-05-09 16:21:10'),
(5, 'admin3@admin.com', '$2y$10$MaAOXdhRnDoMjgbEFV1q3OKBETJvbsUL/PesF6Sj6sCq0bkZQlbqS', '', 'Murray McKinnon', 'kAIVl9QBEndAKzhVWPOH1F7Y4r4NWoENHqBJoVt5Dq1GulcNwKCSEhafZMbw', '2015-04-08 20:52:36', '2015-05-09 16:21:50'),
(6, 'steve@sample.co.nz', '$2y$10$JT6v6qKCVzvBz2epKjmWNO2K1ySYU95W1iT12PKUVA/U12ljDGjxu', '', 'Steve', 'q00scWnAfAjVHcoqwdm1ypuCP8zviIwXRDuvp742Iq54ZRVIydwe9IfjBKXD', '2015-04-13 20:43:40', '2015-04-25 15:09:33'),
(7, 'al@sample.com', '$2y$10$7AFoo46Znx4lFzQoSPd..uy/Q4I/Jb581gb9n/k6Qln8PxnW.kiG2', '', 'Alistair', 'BoWHFrlfP35c8pRLz4xWt1me55Bppea4QHTgiN6Mk0icIl2fVn8JbZbmOrnJ', '2015-04-13 20:44:29', '2015-04-25 15:09:49'),
(8, 'tery@som.com', '$2y$10$5c2.HmRGD9GsX7ApAhOIg.PYIVh7Sykux09SUY1LbTewtaqnZadd.', '', 'Terry', 'VVlq9o3DhsSPvZBa35gVQcdVWOUi0lxlkwvQEFkzwmTQFFIsUUZ27jKeAYV8', '2015-04-13 20:45:19', '2015-04-25 15:10:02'),
(9, 'john@some.com', '$2y$10$tKa4NkxoDEc/E3cFGymeO.t.CS9cvGxq0ACrPRy4Ml81T5GkpNY2G', '', 'john', 'XwtWYsoeC9ROc0AQHH4LXkrquYAULd37HXxYsZcvDZmewqPxb5gBoaj8uXNt', '2015-04-13 20:46:15', '2015-04-13 20:46:22'),
(10, 'terry@toast.co.nz', '$2y$10$Wz67m/CEVhEmyVCuxYNmtOOJnMElUtaZXAb6tTIgSbXbX1A.VeozO', '', 'Pete', 'J1oKUg1AaR35Tquf7YzyTUXbjOrvXm0EwThCtoawyLc0wbvYnX9LhjD6IcIF', '2015-04-15 18:41:39', '2015-04-15 18:43:01'),
(11, 'steve@toast.co.nz', '$2y$10$3glb/z2QQ6lwTqbpcQMnXODLOsEWaouDPOWdzU9IdjN.s5COmjl5i', '', 'Steve', 'CWQ3TzPw5HxWPRxMrCCtzXxRJWRoyo4cgywItf0tRwQEfYISFzL9U7UY6cu2', '2015-04-17 14:25:56', '2015-04-17 14:27:06'),
(13, 'billy@idol.com', '$2y$10$6Ta3G43Thr.JygI7rPwLreH.R/IbToQl5UFsUTNGET8k1WYIrV03W', '', 'Billy Idol', 'RNpEExT8GHuIEaYC82L3cuqhY1B9hm5OnLN7ZthH5ip8SVUVNmUxkllAruIX', '2015-04-25 14:47:37', '2015-04-25 14:47:49');

/*!40101 SET CHARACTER_SET_CLIENT=@OLD_CHARACTER_SET_CLIENT */;
/*!40101 SET CHARACTER_SET_RESULTS=@OLD_CHARACTER_SET_RESULTS */;
/*!40101 SET COLLATION_CONNECTION=@OLD_COLLATION_CONNECTION */;
